title,FaunaType,Category,hyperlink,Genus,CommonName,EffectiveDate
Frogs that are Extinct,frogs,extinct,/cgi-bin/sprat/public/publicspecies.pl?taxon_id=1909,Rheobatrachus silus,Southern Gastric-brooding Frog,16-Jul-2000
Frogs that are Extinct,frogs,extinct,/cgi-bin/sprat/public/publicspecies.pl?taxon_id=1910,Rheobatrachus vitellinus,"Northern Gastric-brooding Frog, Eungella Gastric-brooding Frog",16-Jul-2000
Frogs that are Extinct,frogs,extinct,/cgi-bin/sprat/public/publicspecies.pl?taxon_id=1911,Taudactylus acutirostris,"Sharp-snouted Day Frog, Sharp-snouted Torrent Frog",16-Jul-2000
Frogs that are Extinct,frogs,extinct,/cgi-bin/sprat/public/publicspecies.pl?taxon_id=1886,Taudactylus diurnus,"Southern Day Frog, Mt Glorious Torrent Frog",16-Jul-2000
Birds that are Extinct,birds,extinct,/cgi-bin/sprat/public/publicspecies.pl?taxon_id=25895,Aplonis fusca,Tasman Starling,16-Jul-2000
Birds that are Extinct,birds,extinct,/cgi-bin/sprat/public/publicspecies.pl?taxon_id=25988,Columba vitiensis godmanae,"Lord Howe White-throated Pigeon, White-throated Pigeon (Lord Howe Island)",16-Jul-2000
Birds that are Extinct,birds,extinct,/cgi-bin/sprat/public/publicspecies.pl?taxon_id=26035,Cyanoramphus novaezelandiae erythrotis,"Macquarie Island Red-fronted Parakeet, Red-crowned Parakeet (Macquarie Island)",16-Jul-2000
Birds that are Extinct,birds,extinct,/cgi-bin/sprat/public/publicspecies.pl?taxon_id=26036,Cyanoramphus novaezelandiae subflavescens,"Lord Howe Tasman Parakeet, Red-crowned Parakeet (Lord Howe Island)",16-Jul-2000
Birds that are Extinct,birds,extinct,/cgi-bin/sprat/public/publicspecies.pl?taxon_id=25972,Dasyornis broadbenti litoralis,"Rufous Bristlebird (western), South-western Rufous Bristlebird",16-Jul-2000
Birds that are Extinct,birds,extinct,/cgi-bin/sprat/public/publicspecies.pl?taxon_id=66724,Dromaius ater,King Island Emu,16-Jul-2000
Birds that are Extinct,birds,extinct,/cgi-bin/sprat/public/publicspecies.pl?taxon_id=26183,Dromaius baudinianus,Kangaroo Island Emu,16-Jul-2000
Birds that are Extinct,birds,extinct,/cgi-bin/sprat/public/publicspecies.pl?taxon_id=64437,Dromaius novaehollandiae diemenensis,"Tasmanian Emu, Emu (Tasmanian)",16-Jul-2000
Birds that are Extinct,birds,extinct,/cgi-bin/sprat/public/publicspecies.pl?taxon_id=25888,Gerygone insularis,"Lord Howe Gerygone, Lord Howe Warbler",16-Jul-2000
Birds that are Extinct,birds,extinct,/cgi-bin/sprat/public/publicspecies.pl?taxon_id=25989,Hemiphaga novaeseelandiae spadicea,"New Zealand Pigeon (Norfolk Island race), Norfolk Island New Zealand Pigeon",16-Jul-2000
Birds that are Extinct,birds,extinct,/cgi-bin/sprat/public/publicspecies.pl?taxon_id=88995,Hypotaenidia philippensis macquariensis,"Macquarie Island Buff-banded Rail, Buff-banded Rail (Macquarie Island)",16-Jul-2000
Birds that are Extinct,birds,extinct,/cgi-bin/sprat/public/publicspecies.pl?taxon_id=25985,Lalage leucopyga leucopyga,Norfolk Island Long-tailed Triller,16-Jul-2000
Birds that are Extinct,birds,extinct,/cgi-bin/sprat/public/publicspecies.pl?taxon_id=82446,Lewinia pectoralis clelandi,"Western Australian Lewin's Rail, Lewin's Rail (western)",16-Jul-2000
Birds that are Extinct,birds,extinct,/cgi-bin/sprat/public/publicspecies.pl?taxon_id=25891,Nestor productus,Norfolk Island Kaka,16-Jul-2000
Birds that are Extinct,birds,extinct,/cgi-bin/sprat/public/publicspecies.pl?taxon_id=26043,Ninox novaeseelandiae albaria,"Lord Howe Southern Boobook, Lord Howe Boobook Owl",16-Jul-2000
Birds that are Extinct,birds,extinct,/cgi-bin/sprat/public/publicspecies.pl?taxon_id=66502,Porphyrio albus,White Gallinule,16-Jul-2000
Birds that are Extinct,birds,extinct,/cgi-bin/sprat/public/publicspecies.pl?taxon_id=723,Psephotus pulcherrimus,Paradise Parrot,16-Jul-2000
Birds that are Extinct,birds,extinct,/cgi-bin/sprat/public/publicspecies.pl?taxon_id=67106,Rhipidura fuliginosa cervina,"Lord Howe Grey Fantail, Grey Fantail (Lord Howe Island)",16-Jul-2000
Birds that are Extinct,birds,extinct,/cgi-bin/sprat/public/publicspecies.pl?taxon_id=26017,Turdus poliocephalus poliocephalus,"Grey-headed Blackbird, Norfolk Island Thrush",16-Jul-2000
Birds that are Extinct,birds,extinct,/cgi-bin/sprat/public/publicspecies.pl?taxon_id=67123,Turdus poliocephalus vinitinctus,"Lord Howe Thrush, Vinous-tinted Thrush",16-Jul-2000
Birds that are Extinct,birds,extinct,/cgi-bin/sprat/public/publicspecies.pl?taxon_id=25899,Zosterops albogularis,"White-chested White-eye, Norfolk Island Silvereye",16-Jul-2000
Birds that are Extinct,birds,extinct,/cgi-bin/sprat/public/publicspecies.pl?taxon_id=25900,Zosterops strenuus,Robust White-eye,16-Jul-2000
Mammals that are Extinct,mammals,extinct,/cgi-bin/sprat/public/publicspecies.pl?taxon_id=66656,Bettongia gaimardi gaimardi,"Eastern Bettong (mainland), Eastern Rat-kangaroo",16-Jul-2000
Mammals that are Extinct,mammals,extinct,/cgi-bin/sprat/public/publicspecies.pl?taxon_id=66657,Bettongia lesueur graii,"Boodie (inland), Burrowing Bettong (inland)",16-Jul-2000
Mammals that are Extinct,mammals,extinct,/cgi-bin/sprat/public/publicspecies.pl?taxon_id=66658,Bettongia penicillata penicillata,"Brush-tailed Bettong (central and south-east), Brush-tailed Bettong (south-east mainland)",16-Jul-2000
Mammals that are Extinct,mammals,extinct,/cgi-bin/sprat/public/publicspecies.pl?taxon_id=215,Caloprymnus campestris,Desert Rat-kangaroo,16-Jul-2000
Mammals that are Extinct,mammals,extinct,/cgi-bin/sprat/public/publicspecies.pl?taxon_id=297,Chaeropus ecaudatus,"Pig-footed Bandicoot, Kanjilpa, Wilalya",16-Jul-2000
Mammals that are Extinct,mammals,extinct,/cgi-bin/sprat/public/publicspecies.pl?taxon_id=131,Conilurus albipes,"White-footed Rabbit-rat, Parroo, White-footed Tree-rat",16-Jul-2000
Mammals that are Extinct,mammals,extinct,/cgi-bin/sprat/public/publicspecies.pl?taxon_id=243,Lagorchestes asomatus,"Kuluwarri, Central Hare-wallaby",16-Jul-2000
Mammals that are Extinct,mammals,extinct,/cgi-bin/sprat/public/publicspecies.pl?taxon_id=66655,Lagorchestes hirsutus hirsutus,"Rufous Hare-wallaby (south-western), Woorap",16-Jul-2000
Mammals that are Extinct,mammals,extinct,/cgi-bin/sprat/public/publicspecies.pl?taxon_id=246,Lagorchestes leporides,Eastern Hare-wallaby,16-Jul-2000
Mammals that are Extinct,mammals,extinct,/cgi-bin/sprat/public/publicspecies.pl?taxon_id=66654,Lagostrophus fasciatus albipilis,Banded Hare-wallaby (mainland),16-Jul-2000
Mammals that are Extinct,mammals,extinct,/cgi-bin/sprat/public/publicspecies.pl?taxon_id=136,Leporillus apicalis,"Lesser Stick-nest Rat,Tjooyalpi, White-tailed Stick-nest Rat",16-Jul-2000
Mammals that are Extinct,mammals,extinct,/cgi-bin/sprat/public/publicspecies.pl?taxon_id=283,Macrotis leucura,"Yallara, Lesser Bilby, Djoonpi",16-Jul-2000
Mammals that are Extinct,mammals,extinct,/cgi-bin/sprat/public/publicspecies.pl?taxon_id=64477,Melomys rubicola,Bramble Cay Melomys,22-Feb-2019
Mammals that are Extinct,mammals,extinct,/cgi-bin/sprat/public/publicspecies.pl?taxon_id=89288,Notamacropus greyi,Toolache Wallaby,16-Jul-2000
Mammals that are Extinct,mammals,extinct,/cgi-bin/sprat/public/publicspecies.pl?taxon_id=122,Notomys amplus,"Short-tailed Hopping-mouse, Yoontoo",16-Jul-2000
Mammals that are Extinct,mammals,extinct,/cgi-bin/sprat/public/publicspecies.pl?taxon_id=126,Notomys longicaudatus,"Long-tailed Hopping-mouse, Koolawa, Talamba",16-Jul-2000
Mammals that are Extinct,mammals,extinct,/cgi-bin/sprat/public/publicspecies.pl?taxon_id=101,Notomys macrotis,"Large-eared Hopping-mouse, Noompa, Big -eared Hopping-mouse",16-Jul-2000
Mammals that are Extinct,mammals,extinct,/cgi-bin/sprat/public/publicspecies.pl?taxon_id=103,Notomys mordax,"Darling Downs Hopping-mouse, Payi",16-Jul-2000
Mammals that are Extinct,mammals,extinct,/cgi-bin/sprat/public/publicspecies.pl?taxon_id=66869,Nyctophilus howensis,"Lord Howe Long-eared Bat, Lord Howe Island Bat",04-Apr-2001
Mammals that are Extinct,mammals,extinct,/cgi-bin/sprat/public/publicspecies.pl?taxon_id=240,Onychogalea lunata,"Crescent Nailtail Wallaby, Tjawalpa, Wurrung",16-Jul-2000
Mammals that are Extinct,mammals,extinct,/cgi-bin/sprat/public/publicspecies.pl?taxon_id=66652,Perameles bougainville fasciata,"Western Barred Bandicoot (eastern), Liverpool Plains Striped Bandicoot",16-Jul-2000
Mammals that are Extinct,mammals,extinct,/cgi-bin/sprat/public/publicspecies.pl?taxon_id=279,Perameles eremiana,"Desert Bandicoot, Walilya",16-Jul-2000
Mammals that are Extinct,mammals,extinct,/cgi-bin/sprat/public/publicspecies.pl?taxon_id=195,Potorous platyops,"Broad-faced Potoroo, Moda",16-Jul-2000
Mammals that are Extinct,mammals,extinct,/cgi-bin/sprat/public/publicspecies.pl?taxon_id=89,Pseudomys gouldii,"Gould's Mouse, Koontin",16-Jul-2000
Mammals that are Extinct,mammals,extinct,/cgi-bin/sprat/public/publicspecies.pl?taxon_id=25904,Rattus macleari,"Maclear's Rat, Christmas Island Rat",16-Jul-2000
Mammals that are Extinct,mammals,extinct,/cgi-bin/sprat/public/publicspecies.pl?taxon_id=25905,Rattus nativitatis,"Bulldog Rat, Christmas Island Burrowing Rat",16-Jul-2000
Mammals that are Extinct,mammals,extinct,/cgi-bin/sprat/public/publicspecies.pl?taxon_id=342,Thylacinus cynocephalus,"Thylacine, Tasmanian Tiger",16-Jul-2000
Other Animals that are Extinct,other,animals_extinct,/cgi-bin/sprat/public/publicspecies.pl?taxon_id=83060,Hypolimnus pedderensis,Lake Pedder Earthworm,30-Jun-2009
Fishes that are Extinct in the wild,fishes,extinct_in_the_wild,/cgi-bin/sprat/public/publicspecies.pl?taxon_id=26169,Galaxias pedderensis,Pedder Galaxias,06-Jun-2005
Fishes that are Critically Endangered,fishes,critically_endangered,/cgi-bin/sprat/public/publicspecies.pl?taxon_id=76155,Bidyanus bidyanus,"Silver Perch, Bidyan",21-Dec-2013
Fishes that are Critically Endangered,fishes,critically_endangered,/cgi-bin/sprat/public/publicspecies.pl?taxon_id=64418,Brachionichthys hirsutus,Spotted Handfish,11-Oct-2012
Fishes that are Critically Endangered,fishes,critically_endangered,/cgi-bin/sprat/public/publicspecies.pl?taxon_id=68751,Carcharias taurus (east coast population),Grey Nurse Shark (east coast population),16-Oct-2001
Fishes that are Critically Endangered,fishes,critically_endangered,/cgi-bin/sprat/public/publicspecies.pl?taxon_id=84745,Galaxias rostratus,"Flathead Galaxias, Beaked Minnow, Flat-headed Galaxias, Flat-headed Jollytail, Flat-headed Minnow",05-May-2016
Fishes that are Critically Endangered,fishes,critically_endangered,/cgi-bin/sprat/public/publicspecies.pl?taxon_id=82453,Glyphis glyphis,Speartooth Shark,16-Oct-2001
Fishes that are Critically Endangered,fishes,critically_endangered,/cgi-bin/sprat/public/publicspecies.pl?taxon_id=83909,Stiphodon semoni,Opal Cling Goby,16-Feb-2011
Fishes that are Critically Endangered,fishes,critically_endangered,/cgi-bin/sprat/public/publicspecies.pl?taxon_id=83756,Thymichthys politus,Red Handfish,11-Oct-2012
Frogs that are Critically Endangered,frogs,critically_endangered,/cgi-bin/sprat/public/publicspecies.pl?taxon_id=1815,Cophixalus concinnus,Elegant Frog,04-Jul-2019
Frogs that are Critically Endangered,frogs,critically_endangered,/cgi-bin/sprat/public/publicspecies.pl?taxon_id=1789,Cophixalus hosmeri,"Hosmer's Frog, Rattling Nursery-frog",04-Jul-2019
Frogs that are Critically Endangered,frogs,critically_endangered,/cgi-bin/sprat/public/publicspecies.pl?taxon_id=1791,Cophixalus mcdonaldi,"McDonald's Frog, Mt Elliot Nursery-frog",04-Jul-2019
Frogs that are Critically Endangered,frogs,critically_endangered,/cgi-bin/sprat/public/publicspecies.pl?taxon_id=64384,Cophixalus monticola,Mountain-top Nursery-frog,04-Jul-2019
Frogs that are Critically Endangered,frogs,critically_endangered,/cgi-bin/sprat/public/publicspecies.pl?taxon_id=1792,Cophixalus neglectus,"Neglected Frog, Bellenden Ker Nursery-frog",04-Jul-2019
Frogs that are Critically Endangered,frogs,critically_endangered,/cgi-bin/sprat/public/publicspecies.pl?taxon_id=26181,Geocrinia alba,"White-bellied Frog, Creek Frog",04-Jul-2019
Frogs that are Critically Endangered,frogs,critically_endangered,/cgi-bin/sprat/public/publicspecies.pl?taxon_id=1848,Litoria castanea,"Yellow-spotted Tree Frog, Yellow-spotted Bell Frog",04-Jul-2019
Frogs that are Critically Endangered,frogs,critically_endangered,/cgi-bin/sprat/public/publicspecies.pl?taxon_id=87765,Litoria kroombitensis,Kroombit Treefrog,04-Jul-2019
Frogs that are Critically Endangered,frogs,critically_endangered,/cgi-bin/sprat/public/publicspecies.pl?taxon_id=1841,Litoria lorica,Armoured Mistfrog,01-Feb-2007
Frogs that are Critically Endangered,frogs,critically_endangered,/cgi-bin/sprat/public/publicspecies.pl?taxon_id=82063,Litoria myola,Kuranda Tree Frog,04-Jul-2019
Frogs that are Critically Endangered,frogs,critically_endangered,/cgi-bin/sprat/public/publicspecies.pl?taxon_id=1820,Litoria nyakalensis,"Mountain Mistfrog, Nyakala Frog",01-Feb-2007
Frogs that are Critically Endangered,frogs,critically_endangered,/cgi-bin/sprat/public/publicspecies.pl?taxon_id=1934,Philoria frosti,Baw Baw Frog,04-Jul-2019
Frogs that are Critically Endangered,frogs,critically_endangered,/cgi-bin/sprat/public/publicspecies.pl?taxon_id=1915,Pseudophryne corroboree,Southern Corroboree Frog,06-Apr-2013
Frogs that are Critically Endangered,frogs,critically_endangered,/cgi-bin/sprat/public/publicspecies.pl?taxon_id=66670,Pseudophryne pengilleyi,Northern Corroboree Frog,06-Apr-2013
Frogs that are Critically Endangered,frogs,critically_endangered,/cgi-bin/sprat/public/publicspecies.pl?taxon_id=1889,Taudactylus pleione,"Kroombit Tinker Frog, Pleione's Torrent Frog",18-Jan-2012
Reptiles that are Critically Endangered,reptiles,critically_endangered,/cgi-bin/sprat/public/publicspecies.pl?taxon_id=1115,Aipysurus apraefrontalis,Short-nosed Seasnake,15-Feb-2011
Reptiles that are Critically Endangered,reptiles,critically_endangered,/cgi-bin/sprat/public/publicspecies.pl?taxon_id=1118,Aipysurus foliosquama,Leaf-scaled Seasnake,15-Feb-2011
Reptiles that are Critically Endangered,reptiles,critically_endangered,/cgi-bin/sprat/public/publicspecies.pl?taxon_id=1526,Cryptoblepharus egeriae,"Christmas Island Blue-tailed Skink, Blue-tailed Snake-eyed Skink",03-Jan-2014
Reptiles that are Critically Endangered,reptiles,critically_endangered,/cgi-bin/sprat/public/publicspecies.pl?taxon_id=81648,Elseya albagula,"Southern Snapping Turtle, White-throated Snapping Turtle",07-Nov-2014
Reptiles that are Critically Endangered,reptiles,critically_endangered,/cgi-bin/sprat/public/publicspecies.pl?taxon_id=1400,Emoia nativitatis,"Christmas Island Forest Skink, Christmas Island Whiptail-skink",03-Jan-2014
Reptiles that are Critically Endangered,reptiles,critically_endangered,/cgi-bin/sprat/public/publicspecies.pl?taxon_id=1711,Lepidodactylus listeri,"Christmas Island Gecko, Lister's Gecko",03-Jan-2014
Reptiles that are Critically Endangered,reptiles,critically_endangered,/cgi-bin/sprat/public/publicspecies.pl?taxon_id=59550,Nangura spinosa,Nangur Spiny Skink,18-Dec-2007
Reptiles that are Critically Endangered,reptiles,critically_endangered,/cgi-bin/sprat/public/publicspecies.pl?taxon_id=84753,Phyllurus gulbaru,Gulbaru Gecko,17-Nov-2015
Reptiles that are Critically Endangered,reptiles,critically_endangered,/cgi-bin/sprat/public/publicspecies.pl?taxon_id=1760,Pseudemydura umbrina,Western Swamp Tortoise,06-Jul-2004
Reptiles that are Critically Endangered,reptiles,critically_endangered,/cgi-bin/sprat/public/publicspecies.pl?taxon_id=86072,Wollumbinia georgesi,"Georges' Snapping Turtle, Bellinger River Snapping Turtle, Georges Helmeted Turtle",07-Dec-2016
Birds that are Critically Endangered,birds,critically_endangered,/cgi-bin/sprat/public/publicspecies.pl?taxon_id=82329,Acanthornis magna greeniana,"King Island Scrubtit, Scrubtit (King Island)",02-Jul-2002
Birds that are Critically Endangered,birds,critically_endangered,/cgi-bin/sprat/public/publicspecies.pl?taxon_id=86183,Amytornis modestus obscurior,"Grey Range Thick-billed Grasswren, Thick-billed Grasswren (north-west NSW)",06-Nov-2014
Birds that are Critically Endangered,birds,critically_endangered,/cgi-bin/sprat/public/publicspecies.pl?taxon_id=82338,Anthochaera phrygia,Regent Honeyeater,08-Jul-2015
Birds that are Critically Endangered,birds,critically_endangered,/cgi-bin/sprat/public/publicspecies.pl?taxon_id=856,Calidris ferruginea,Curlew Sandpiper,26-May-2015
Birds that are Critically Endangered,birds,critically_endangered,/cgi-bin/sprat/public/publicspecies.pl?taxon_id=862,Calidris tenuirostris,Great Knot,05-May-2016
Birds that are Critically Endangered,birds,critically_endangered,/cgi-bin/sprat/public/publicspecies.pl?taxon_id=67099,Cinclosoma punctatum anachoreta,"Mt Lofty Ranges Spotted Quail-thrush, Spotted Quail-thrush (Mt Lofty Ranges)",02-Jul-2002
Birds that are Critically Endangered,birds,critically_endangered,/cgi-bin/sprat/public/publicspecies.pl?taxon_id=67090,Epthianura crocea macgregori,"Capricorn Yellow Chat, Yellow Chat (Dawson)",02-Jul-2002
Birds that are Critically Endangered,birds,critically_endangered,/cgi-bin/sprat/public/publicspecies.pl?taxon_id=744,Lathamus discolor,Swift Parrot,05-May-2016
Birds that are Critically Endangered,birds,critically_endangered,/cgi-bin/sprat/public/publicspecies.pl?taxon_id=26011,Lichenostomus melanops cassidix,"Helmeted Honeyeater, Yellow-tufted Honeyeater (Helmeted)",06-Nov-2014
Birds that are Critically Endangered,birds,critically_endangered,/cgi-bin/sprat/public/publicspecies.pl?taxon_id=86432,Limosa lapponica menzbieri,"Northern Siberian Bar-tailed Godwit, Bar-tailed Godwit (menzbieri)",05-May-2016
Birds that are Critically Endangered,birds,critically_endangered,/cgi-bin/sprat/public/publicspecies.pl?taxon_id=67092,Melanodryas cucullata melvillensis,"Tiwi Islands Hooded Robin, Hooded Robin (Tiwi Islands)",11-May-2018
Birds that are Critically Endangered,birds,critically_endangered,/cgi-bin/sprat/public/publicspecies.pl?taxon_id=747,Neophema chrysogaster,Orange-bellied Parrot,13-Sep-2006
Birds that are Critically Endangered,birds,critically_endangered,/cgi-bin/sprat/public/publicspecies.pl?taxon_id=847,Numenius madagascariensis,"Eastern Curlew, Far Eastern Curlew",26-May-2015
Birds that are Critically Endangered,birds,critically_endangered,/cgi-bin/sprat/public/publicspecies.pl?taxon_id=906,Pedionomus torquatus,Plains-wanderer,08-Jul-2015
Birds that are Critically Endangered,birds,critically_endangered,/cgi-bin/sprat/public/publicspecies.pl?taxon_id=84650,Pezoporus flaviventris,"Western Ground Parrot, Kyloring",14-May-2013
Birds that are Critically Endangered,birds,critically_endangered,/cgi-bin/sprat/public/publicspecies.pl?taxon_id=89284,Pterodroma arminjoniana,"Round Island Petrel, Trinidade Petrel",02-Jul-2002
Birds that are Critically Endangered,birds,critically_endangered,/cgi-bin/sprat/public/publicspecies.pl?taxon_id=66973,Pterodroma heraldica,Herald Petrel,02-Jul-2002
Mammals that are Critically Endangered,mammals,critically_endangered,/cgi-bin/sprat/public/publicspecies.pl?taxon_id=86568,Crocidura trichura,Christmas Island Shrew,15-Feb-2018
Mammals that are Critically Endangered,mammals,critically_endangered,/cgi-bin/sprat/public/publicspecies.pl?taxon_id=273,Gymnobelideus leadbeateri,Leadbeater's Possum,02-May-2015
Mammals that are Critically Endangered,mammals,critically_endangered,/cgi-bin/sprat/public/publicspecies.pl?taxon_id=198,Lasiorhinus krefftii,"Northern Hairy-nosed Wombat, Yaminon",15-Feb-2018
Mammals that are Critically Endangered,mammals,critically_endangered,/cgi-bin/sprat/public/publicspecies.pl?taxon_id=87645,Miniopterus orianae bassanii,Southern Bent-wing Bat,18-Dec-2007
Mammals that are Critically Endangered,mammals,critically_endangered,/cgi-bin/sprat/public/publicspecies.pl?taxon_id=87605,Petrogale concinna concinna,Nabarlek (Victoria River District),04-Jul-2019
Mammals that are Critically Endangered,mammals,critically_endangered,/cgi-bin/sprat/public/publicspecies.pl?taxon_id=64383,Pipistrellus murrayi,Christmas Island Pipistrelle,12-Sep-2006
Mammals that are Critically Endangered,mammals,critically_endangered,/cgi-bin/sprat/public/publicspecies.pl?taxon_id=66642,Potorous gilbertii,"Gilbert's Potoroo, Ngilkat",06-Jul-2004
Mammals that are Critically Endangered,mammals,critically_endangered,/cgi-bin/sprat/public/publicspecies.pl?taxon_id=25911,Pseudocheirus occidentalis,"Western Ringtail Possum, Ngwayir, Womp, Woder, Ngoor, Ngoolangit",11-May-2018
Mammals that are Critically Endangered,mammals,critically_endangered,/cgi-bin/sprat/public/publicspecies.pl?taxon_id=87611,Pteropus natalis,"Christmas Island Flying-fox, Christmas Island Fruit-bat",03-Jan-2014
Mammals that are Critically Endangered,mammals,critically_endangered,/cgi-bin/sprat/public/publicspecies.pl?taxon_id=68,Zyzomys pedunculatus,"Central Rock-rat, Antina",15-Feb-2018
Other Animals that are Critically Endangered,other,animals_critically_endangered,/cgi-bin/sprat/public/publicspecies.pl?taxon_id=67458,Adclarkia dawsonensis,"Boggomoss Snail, Dawson River Snail, Dawson Valley Snail",02-Jun-2003
Other Animals that are Critically Endangered,other,animals_critically_endangered,/cgi-bin/sprat/public/publicspecies.pl?taxon_id=81250,Advena campbellii,Campbell's Helicarionid Land Snail,08-Jan-2009
Other Animals that are Critically Endangered,other,animals_critically_endangered,/cgi-bin/sprat/public/publicspecies.pl?taxon_id=90200,Ammoniropa vigens,Ammonite Pinwheel Snail,24-Jan-2014
Other Animals that are Critically Endangered,other,animals_critically_endangered,/cgi-bin/sprat/public/publicspecies.pl?taxon_id=88056,Argynnis hyperbius inconstans,Australian Fritillary,15-Aug-2017
Other Animals that are Critically Endangered,other,animals_critically_endangered,/cgi-bin/sprat/public/publicspecies.pl?taxon_id=78931,Cherax tenuimanus,"Hairy Marron, Margaret River Hairy Marron, Margaret River Marron",18-Aug-2006
Other Animals that are Critically Endangered,other,animals_critically_endangered,/cgi-bin/sprat/public/publicspecies.pl?taxon_id=66752,Dryococelus australis,"Lord Howe Island Phasmid, Land Lobster",23-Jul-2002
Other Animals that are Critically Endangered,other,animals_critically_endangered,/cgi-bin/sprat/public/publicspecies.pl?taxon_id=82674,Engaewa pseudoreducta,Margaret River Burrowing Crayfish,24-Apr-2009
Other Animals that are Critically Endangered,other,animals_critically_endangered,/cgi-bin/sprat/public/publicspecies.pl?taxon_id=82675,Engaewa reducta,Dunsborough Burrowing Crayfish,24-Apr-2009
Other Animals that are Critically Endangered,other,animals_critically_endangered,/cgi-bin/sprat/public/publicspecies.pl?taxon_id=86598,Euastacus bindal,"freshwater crayfish, spiny crayfish",07-Dec-2016
Other Animals that are Critically Endangered,other,animals_critically_endangered,/cgi-bin/sprat/public/publicspecies.pl?taxon_id=83143,Euastacus dharawalus,Fitzroy Falls Spiny Crayfish,07-Dec-2016
Other Animals that are Critically Endangered,other,animals_critically_endangered,/cgi-bin/sprat/public/publicspecies.pl?taxon_id=82864,Gudeoconcha sophiae magnifica,Magnificent Helicarionid Land Snail,08-Jan-2009
Other Animals that are Critically Endangered,other,animals_critically_endangered,/cgi-bin/sprat/public/publicspecies.pl?taxon_id=66734,Hesperocolletes douglasi,"Douglas' Broad-headed Bee, Rottnest Bee",04-Jul-2019
Other Animals that are Critically Endangered,other,animals_critically_endangered,/cgi-bin/sprat/public/publicspecies.pl?taxon_id=66754,Hoplogonus bornemisszai,Bornemissza's Stag Beetle,08-Jan-2009
Other Animals that are Critically Endangered,other,animals_critically_endangered,/cgi-bin/sprat/public/publicspecies.pl?taxon_id=82953,Hyridella glenelgensis,Glenelg Freshwater Mussel,16-Feb-2011
Other Animals that are Critically Endangered,other,animals_critically_endangered,/cgi-bin/sprat/public/publicspecies.pl?taxon_id=66756,Leioproctus douglasiellus,a short-tongued bee,14-May-2013
Other Animals that are Critically Endangered,other,animals_critically_endangered,/cgi-bin/sprat/public/publicspecies.pl?taxon_id=66762,Marginaster littoralis,Derwent River Seastar,30-Jun-2009
Other Animals that are Critically Endangered,other,animals_critically_endangered,/cgi-bin/sprat/public/publicspecies.pl?taxon_id=81852,Mathewsoconcha grayi ms,Gray's Helicarionid Land Snail,08-Jan-2009
Other Animals that are Critically Endangered,other,animals_critically_endangered,/cgi-bin/sprat/public/publicspecies.pl?taxon_id=81252,Mathewsoconcha phillipii,Phillip Island Helicarionid Land Snail,08-Jan-2009
Other Animals that are Critically Endangered,other,animals_critically_endangered,/cgi-bin/sprat/public/publicspecies.pl?taxon_id=81851,Mathewsoconcha suteri,a helicarionid land snail,08-Jan-2009
Other Animals that are Critically Endangered,other,animals_critically_endangered,/cgi-bin/sprat/public/publicspecies.pl?taxon_id=82084,Micropathus kiernani,"Francistown Cave Cricket, Southern sandstone cave cricket",24-Jan-2014
Other Animals that are Critically Endangered,other,animals_critically_endangered,/cgi-bin/sprat/public/publicspecies.pl?taxon_id=81247,Mystivagor mastersi,Masters' Charopid Land Snail,08-Jan-2009
Other Animals that are Critically Endangered,other,animals_critically_endangered,/cgi-bin/sprat/public/publicspecies.pl?taxon_id=66821,Neopasiphae simplicior,A native bee,08-Jan-2009
Other Animals that are Critically Endangered,other,animals_critically_endangered,/cgi-bin/sprat/public/publicspecies.pl?taxon_id=77743,Ogyris subterrestris petrina,Arid Bronze Azure,09-Apr-2015
Other Animals that are Critically Endangered,other,animals_critically_endangered,/cgi-bin/sprat/public/publicspecies.pl?taxon_id=79221,Ordtrachia septentrionalis,Rosewood Keeled Snail,17-Nov-2015
Other Animals that are Critically Endangered,other,animals_critically_endangered,/cgi-bin/sprat/public/publicspecies.pl?taxon_id=85279,Pseudocharopa ledgbirdi,Mount Lidgbird Charopid Land Snail,08-Jan-2009
Other Animals that are Critically Endangered,other,animals_critically_endangered,/cgi-bin/sprat/public/publicspecies.pl?taxon_id=81249,Pseudocharopa whiteleggei,Whitelegge's Land Snail,08-Jan-2009
Other Animals that are Critically Endangered,other,animals_critically_endangered,/cgi-bin/sprat/public/publicspecies.pl?taxon_id=86868,Pseudococcus markharveyi,Banksia montana mealybug,11-May-2018
Other Animals that are Critically Endangered,other,animals_critically_endangered,/cgi-bin/sprat/public/publicspecies.pl?taxon_id=81253,Quintalia stoddartii,Stoddart's Helicarionid Land Snail,08-Jan-2009
Other Animals that are Critically Endangered,other,animals_critically_endangered,/cgi-bin/sprat/public/publicspecies.pl?taxon_id=25234,Synemon plana,Golden Sun Moth,03-Dec-2002
Other Animals that are Critically Endangered,other,animals_critically_endangered,/cgi-bin/sprat/public/publicspecies.pl?taxon_id=66774,Thersites mitchellae,Mitchell's Rainforest Snail,23-Jul-2002
Fishes that are Endangered,fishes,endangered,/cgi-bin/sprat/public/publicspecies.pl?taxon_id=64698,Chlamydogobius micropterus,Elizabeth Springs Goby,16-Jul-2000
Fishes that are Endangered,fishes,endangered,/cgi-bin/sprat/public/publicspecies.pl?taxon_id=56791,Craterocephalus fluviatilis,Murray Hardyhead,16-Mar-2012
Fishes that are Endangered,fishes,endangered,/cgi-bin/sprat/public/publicspecies.pl?taxon_id=77038,Galaxias auratus,Golden Galaxias,06-Jun-2005
Fishes that are Endangered,fishes,endangered,/cgi-bin/sprat/public/publicspecies.pl?taxon_id=26167,Galaxias fontanus,Swan Galaxias,16-Jul-2000
Fishes that are Endangered,fishes,endangered,/cgi-bin/sprat/public/publicspecies.pl?taxon_id=26168,Galaxias fuscus,Barred Galaxias,16-Jul-2000
Fishes that are Endangered,fishes,endangered,/cgi-bin/sprat/public/publicspecies.pl?taxon_id=26184,Galaxias johnstoni,Clarence Galaxias,16-Jul-2000
Fishes that are Endangered,fishes,endangered,/cgi-bin/sprat/public/publicspecies.pl?taxon_id=89857,Galaxias truttaceus (Western Australian population),Western Trout Minnow,04-Jul-2019
Fishes that are Endangered,fishes,endangered,/cgi-bin/sprat/public/publicspecies.pl?taxon_id=88677,Galaxiella nigrostriata,"Blackstriped Dwarf Galaxias, Black-stripe Minnow",11-May-2018
Fishes that are Endangered,fishes,endangered,/cgi-bin/sprat/public/publicspecies.pl?taxon_id=82454,Glyphis garricki,"Northern River Shark, New Guinea River Shark",16-Oct-2001
Fishes that are Endangered,fishes,endangered,/cgi-bin/sprat/public/publicspecies.pl?taxon_id=26170,Maccullochella ikei,"Clarence River Cod, Eastern Freshwater Cod",16-Jul-2000
Fishes that are Endangered,fishes,endangered,/cgi-bin/sprat/public/publicspecies.pl?taxon_id=26171,Maccullochella macquariensis,Trout Cod,16-Jul-2000
Fishes that are Endangered,fishes,endangered,/cgi-bin/sprat/public/publicspecies.pl?taxon_id=83806,Maccullochella mariensis,Mary River Cod,16-Jul-2000
Fishes that are Endangered,fishes,endangered,/cgi-bin/sprat/public/publicspecies.pl?taxon_id=66632,Macquaria australasica,Macquarie Perch,16-Jul-2000
Fishes that are Endangered,fishes,endangered,/cgi-bin/sprat/public/publicspecies.pl?taxon_id=26185,Melanotaenia eachamensis,Lake Eacham Rainbowfish,16-Jul-2000
Fishes that are Endangered,fishes,endangered,/cgi-bin/sprat/public/publicspecies.pl?taxon_id=64468,Nannoperca oxleyana,Oxleyan Pygmy Perch,16-Jul-2000
Fishes that are Endangered,fishes,endangered,/cgi-bin/sprat/public/publicspecies.pl?taxon_id=88315,Nannoperca pygmaea,Little Pygmy Perch,04-Jul-2019
Fishes that are Endangered,fishes,endangered,/cgi-bin/sprat/public/publicspecies.pl?taxon_id=77039,Paragalaxias mesotes,Arthurs Paragalaxias,06-Jun-2005
Fishes that are Endangered,fishes,endangered,/cgi-bin/sprat/public/publicspecies.pl?taxon_id=56792,Scaturiginichthys vermeilipinnis,"Redfin Blue Eye, Redfin Blue-eye",16-Jul-2000
Fishes that are Endangered,fishes,endangered,/cgi-bin/sprat/public/publicspecies.pl?taxon_id=83504,Zearaja maugeana,"Maugean Skate, Port Davey Skate",04-Mar-2004
Frogs that are Endangered,frogs,endangered,/cgi-bin/sprat/public/publicspecies.pl?taxon_id=79086,Cophixalus aenigma,Tapping Nursery-frog,04-Jul-2019
Frogs that are Endangered,frogs,endangered,/cgi-bin/sprat/public/publicspecies.pl?taxon_id=59151,Crinia sloanei,Sloane's Froglet,04-Jul-2019
Frogs that are Endangered,frogs,endangered,/cgi-bin/sprat/public/publicspecies.pl?taxon_id=1844,Litoria booroolongensis,Booroolong Frog,18-Dec-2007
Frogs that are Endangered,frogs,endangered,/cgi-bin/sprat/public/publicspecies.pl?taxon_id=1817,Litoria nannotis,"Waterfall Frog, Torrent Tree Frog",16-Jul-2000
Frogs that are Endangered,frogs,endangered,/cgi-bin/sprat/public/publicspecies.pl?taxon_id=1802,Litoria rheocola,Common Mistfrog,16-Jul-2000
Frogs that are Endangered,frogs,endangered,/cgi-bin/sprat/public/publicspecies.pl?taxon_id=25959,Litoria spenceri,Spotted Tree Frog,16-Jul-2000
Frogs that are Endangered,frogs,endangered,/cgi-bin/sprat/public/publicspecies.pl?taxon_id=25960,Mixophyes fleayi,Fleay's Frog,16-Jul-2000
Frogs that are Endangered,frogs,endangered,/cgi-bin/sprat/public/publicspecies.pl?taxon_id=1944,Mixophyes iteratus,"Giant Barred Frog, Southern Barred Frog",16-Jul-2000
Frogs that are Endangered,frogs,endangered,/cgi-bin/sprat/public/publicspecies.pl?taxon_id=1887,Taudactylus eungellensis,Eungella Day Frog,16-Jul-2000
Frogs that are Endangered,frogs,endangered,/cgi-bin/sprat/public/publicspecies.pl?taxon_id=1890,Taudactylus rheophilus,Tinkling Frog,16-Jul-2000
Reptiles that are Endangered,reptiles,endangered,/cgi-bin/sprat/public/publicspecies.pl?taxon_id=83161,Bellatorias obiri,Arnhem Land Egernia,18-Aug-2006
Reptiles that are Endangered,reptiles,endangered,/cgi-bin/sprat/public/publicspecies.pl?taxon_id=1763,Caretta caretta,Loggerhead Turtle,16-Jul-2000
Reptiles that are Endangered,reptiles,endangered,/cgi-bin/sprat/public/publicspecies.pl?taxon_id=83106,Cryptoblepharus gurrmul,Arafura Snake-eyed Skink,11-May-2018
Reptiles that are Endangered,reptiles,endangered,/cgi-bin/sprat/public/publicspecies.pl?taxon_id=64721,Cyclodomorphus praealtus,Alpine She-oak Skink,24-Dec-2009
Reptiles that are Endangered,reptiles,endangered,/cgi-bin/sprat/public/publicspecies.pl?taxon_id=86865,Cyrtodactylus sadleiri,Christmas Island Giant Gecko,03-Jan-2014
Reptiles that are Endangered,reptiles,endangered,/cgi-bin/sprat/public/publicspecies.pl?taxon_id=1768,Dermochelys coriacea,"Leatherback Turtle, Leathery Turtle, Luth",08-Jan-2009
Reptiles that are Endangered,reptiles,endangered,/cgi-bin/sprat/public/publicspecies.pl?taxon_id=64483,Egernia stokesii badia,"Western Spiny-tailed Skink, Baudin Island Spiny-tailed Skink",16-Jul-2000
Reptiles that are Endangered,reptiles,endangered,/cgi-bin/sprat/public/publicspecies.pl?taxon_id=67197,Elseya lavarackorum,Gulf Snapping Turtle,16-Jul-2000
Reptiles that are Endangered,reptiles,endangered,/cgi-bin/sprat/public/publicspecies.pl?taxon_id=64389,Elusor macrurus,"Mary River Turtle, Mary River Tortoise",16-Jul-2000
Reptiles that are Endangered,reptiles,endangered,/cgi-bin/sprat/public/publicspecies.pl?taxon_id=59199,Eulamprus leuraensis,Blue Mountains Water Skink,16-Jul-2000
Reptiles that are Endangered,reptiles,endangered,/cgi-bin/sprat/public/publicspecies.pl?taxon_id=64487,Eulamprus tympanum marnieae,"Corangamite Water Skink, Dreeite Water Skink",16-Jul-2000
Reptiles that are Endangered,reptiles,endangered,/cgi-bin/sprat/public/publicspecies.pl?taxon_id=1767,Lepidochelys olivacea,"Olive Ridley Turtle, Pacific Ridley Turtle",16-Jul-2000
Reptiles that are Endangered,reptiles,endangered,/cgi-bin/sprat/public/publicspecies.pl?taxon_id=1378,Lerista allanae,"Allan's Lerista, Retro Slider",16-Jul-2000
Reptiles that are Endangered,reptiles,endangered,/cgi-bin/sprat/public/publicspecies.pl?taxon_id=85296,Lerista nevinae,Nevin's Slider,15-Feb-2018
Reptiles that are Endangered,reptiles,endangered,/cgi-bin/sprat/public/publicspecies.pl?taxon_id=83079,Liopholis guthega,Guthega Skink,23-Feb-2011
Reptiles that are Endangered,reptiles,endangered,/cgi-bin/sprat/public/publicspecies.pl?taxon_id=83163,Liopholis slateri slateri,"Slater's Skink, Floodplain Skink",04-Apr-2001
Reptiles that are Endangered,reptiles,endangered,/cgi-bin/sprat/public/publicspecies.pl?taxon_id=82993,Lucasium occultum,"Yellow-snouted Gecko, Yellow-snouted Ground Gecko",18-Aug-2006
Reptiles that are Endangered,reptiles,endangered,/cgi-bin/sprat/public/publicspecies.pl?taxon_id=1270,Tiliqua adelaidensis,"Pygmy Blue-tongue Lizard, Adelaide Blue-tongue Lizard",16-Jul-2000
Reptiles that are Endangered,reptiles,endangered,/cgi-bin/sprat/public/publicspecies.pl?taxon_id=87888,Tympanocryptis condaminensis,Condamine Earless Dragon,16-Jul-2000
Reptiles that are Endangered,reptiles,endangered,/cgi-bin/sprat/public/publicspecies.pl?taxon_id=66727,Tympanocryptis pinguicolla,Grassland Earless Dragon,16-Jul-2000
Birds that are Endangered,birds,endangered,/cgi-bin/sprat/public/publicspecies.pl?taxon_id=59430,Acanthiza pusilla archibaldi,"King Island Brown Thornbill, Brown Thornbill (King Island)",16-Jul-2000
Birds that are Endangered,birds,endangered,/cgi-bin/sprat/public/publicspecies.pl?taxon_id=82408,Accipiter hiogaster natalis,Christmas Island Goshawk,16-Jul-2000
Birds that are Endangered,birds,endangered,/cgi-bin/sprat/public/publicspecies.pl?taxon_id=67065,Amytornis barbatus barbatus,"Bulloo Grey Grasswren, Grey Grasswren (Bulloo)",06-Nov-2014
Birds that are Endangered,birds,endangered,/cgi-bin/sprat/public/publicspecies.pl?taxon_id=558,Amytornis dorotheae,Carpentarian Grasswren,05-May-2016
Birds that are Endangered,birds,endangered,/cgi-bin/sprat/public/publicspecies.pl?taxon_id=86270,Amytornis merrotsyi pedleri,"Gawler Ranges Short-tailed Grasswren, Short-tailed Grasswren (Gawler Ranges)",06-Nov-2014
Birds that are Endangered,birds,endangered,/cgi-bin/sprat/public/publicspecies.pl?taxon_id=64435,Aquila audax fleayi,"Tasmanian Wedge-tailed Eagle, Wedge-tailed Eagle (Tasmanian)",16-Jul-2000
Birds that are Endangered,birds,endangered,/cgi-bin/sprat/public/publicspecies.pl?taxon_id=654,Atrichornis clamosus,"Noisy Scrub-bird, Tjimiluk",15-Feb-2018
Birds that are Endangered,birds,endangered,/cgi-bin/sprat/public/publicspecies.pl?taxon_id=655,Atrichornis rufescens,Rufous Scrub-bird,06-Nov-2014
Birds that are Endangered,birds,endangered,/cgi-bin/sprat/public/publicspecies.pl?taxon_id=1001,Botaurus poiciloptilus,Australasian Bittern,03-Mar-2011
Birds that are Endangered,birds,endangered,/cgi-bin/sprat/public/publicspecies.pl?taxon_id=80826,Calamanthus pyrrhopygius parkeri,Chestnut-rumped Heathwren (Mt Lofty Ranges),15-Sep-2005
Birds that are Endangered,birds,endangered,/cgi-bin/sprat/public/publicspecies.pl?taxon_id=855,Calidris canutus,"Red Knot, Knot",05-May-2016
Birds that are Endangered,birds,endangered,/cgi-bin/sprat/public/publicspecies.pl?taxon_id=25982,Calyptorhynchus banksii graptogyne,South-eastern Red-tailed Black-Cockatoo,16-Jul-2000
Birds that are Endangered,birds,endangered,/cgi-bin/sprat/public/publicspecies.pl?taxon_id=769,Calyptorhynchus baudinii,"Baudin's Cockatoo, Long-billed Black-Cockatoo",15-Feb-2018
Birds that are Endangered,birds,endangered,/cgi-bin/sprat/public/publicspecies.pl?taxon_id=64436,Calyptorhynchus lathami halmaturinus,"Glossy Black-Cockatoo (Kangaroo Island), Glossy Black-Cockatoo (South Australian)",16-Jul-2000
Birds that are Endangered,birds,endangered,/cgi-bin/sprat/public/publicspecies.pl?taxon_id=59523,Calyptorhynchus latirostris,"Carnaby's Cockatoo,  Short-billed Black-Cockatoo",16-Jul-2000
Birds that are Endangered,birds,endangered,/cgi-bin/sprat/public/publicspecies.pl?taxon_id=25986,Casuarius casuarius johnsonii,"Southern Cassowary, Australian Cassowary, Double-wattled Cassowary",16-Jul-2000
Birds that are Endangered,birds,endangered,/cgi-bin/sprat/public/publicspecies.pl?taxon_id=25977,Ceyx azureus diemenensis,Tasmanian Azure Kingfisher,19-Aug-2010
Birds that are Endangered,birds,endangered,/cgi-bin/sprat/public/publicspecies.pl?taxon_id=67030,Chalcophaps indica natalis,"Christmas Island Emerald Dove, Emerald Dove (Christmas Island)",12-Apr-2005
Birds that are Endangered,birds,endangered,/cgi-bin/sprat/public/publicspecies.pl?taxon_id=879,Charadrius mongolus,"Lesser Sand Plover, Mongolian Plover",05-May-2016
Birds that are Endangered,birds,endangered,/cgi-bin/sprat/public/publicspecies.pl?taxon_id=67046,Cyanoramphus cookii,"Norfolk Island Green Parrot, Tasman Parakeet, Norfolk Island Parakeet",16-Jul-2000
Birds that are Endangered,birds,endangered,/cgi-bin/sprat/public/publicspecies.pl?taxon_id=59714,Cyclopsitta diophthalma coxeni,Coxen's Fig-Parrot,16-Jul-2000
Birds that are Endangered,birds,endangered,/cgi-bin/sprat/public/publicspecies.pl?taxon_id=533,Dasyornis brachypterus,Eastern Bristlebird,16-Jul-2000
Birds that are Endangered,birds,endangered,/cgi-bin/sprat/public/publicspecies.pl?taxon_id=515,Dasyornis longirostris,Western Bristlebird,15-Feb-2018
Birds that are Endangered,birds,endangered,/cgi-bin/sprat/public/publicspecies.pl?taxon_id=64405,Diomedea amsterdamensis,Amsterdam Albatross,16-Jul-2000
Birds that are Endangered,birds,endangered,/cgi-bin/sprat/public/publicspecies.pl?taxon_id=66471,Diomedea dabbenena,Tristan Albatross,16-Jul-2000
Birds that are Endangered,birds,endangered,/cgi-bin/sprat/public/publicspecies.pl?taxon_id=64456,Diomedea sanfordi,Northern Royal Albatross,16-Jul-2000
Birds that are Endangered,birds,endangered,/cgi-bin/sprat/public/publicspecies.pl?taxon_id=67089,Epthianura crocea tunneyi,"Alligator Rivers Yellow Chat, Yellow Chat (Alligator Rivers)",14-Dec-2006
Birds that are Endangered,birds,endangered,/cgi-bin/sprat/public/publicspecies.pl?taxon_id=413,Erythrura gouldiae,Gouldian Finch,16-Jul-2000
Birds that are Endangered,birds,endangered,/cgi-bin/sprat/public/publicspecies.pl?taxon_id=1011,Fregata andrewsi,"Christmas Island Frigatebird, Andrew's Frigatebird",07-Dec-2016
Birds that are Endangered,birds,endangered,/cgi-bin/sprat/public/publicspecies.pl?taxon_id=88994,Hypotaenidia philippensis andrewsi,"Buff-banded Rail (Cocos (Keeling) Islands), Ayam Hutan",16-Jul-2000
Birds that are Endangered,birds,endangered,/cgi-bin/sprat/public/publicspecies.pl?taxon_id=87732,Hypotaenidia sylvestris,Lord Howe Woodhen,15-Aug-2017
Birds that are Endangered,birds,endangered,/cgi-bin/sprat/public/publicspecies.pl?taxon_id=1060,Macronectes giganteus,"Southern Giant-Petrel, Southern Giant Petrel",04-Apr-2001
Birds that are Endangered,birds,endangered,/cgi-bin/sprat/public/publicspecies.pl?taxon_id=64442,Malurus coronatus coronatus,Purple-crowned Fairy-wren (western),31-Oct-2015
Birds that are Endangered,birds,endangered,/cgi-bin/sprat/public/publicspecies.pl?taxon_id=449,Manorina melanotis,Black-eared Miner,16-Jul-2000
Birds that are Endangered,birds,endangered,/cgi-bin/sprat/public/publicspecies.pl?taxon_id=64443,Neochmia phaeton evangelinae,Crimson Finch (white-bellied),15-Feb-2018
Birds that are Endangered,birds,endangered,/cgi-bin/sprat/public/publicspecies.pl?taxon_id=26027,Neochmia ruficauda ruficauda,"Star Finch (eastern), Star Finch (southern)",16-Jul-2000
Birds that are Endangered,birds,endangered,/cgi-bin/sprat/public/publicspecies.pl?taxon_id=26188,Ninox novaeseelandiae undulata,"Norfolk Island Boobook, Norfolk Island Morepork, Southern Boobook (Norfolk Island)",16-Jul-2000
Birds that are Endangered,birds,endangered,/cgi-bin/sprat/public/publicspecies.pl?taxon_id=59297,Papasula abbotti,Abbott's Booby,16-Jul-2000
Birds that are Endangered,birds,endangered,/cgi-bin/sprat/public/publicspecies.pl?taxon_id=418,Pardalotus quadragintus,Forty-spotted Pardalote,16-Jul-2000
Birds that are Endangered,birds,endangered,/cgi-bin/sprat/public/publicspecies.pl?taxon_id=59350,Pezoporus occidentalis,Night Parrot,16-Jul-2000
Birds that are Endangered,birds,endangered,/cgi-bin/sprat/public/publicspecies.pl?taxon_id=26021,Phaethon lepturus fulvus,"Christmas Island White-tailed Tropicbird, Golden Bosunbird",06-Nov-2014
Birds that are Endangered,birds,endangered,/cgi-bin/sprat/public/publicspecies.pl?taxon_id=64447,Poephila cincta cincta,Southern Black-throated Finch,14-Feb-2005
Birds that are Endangered,birds,endangered,/cgi-bin/sprat/public/publicspecies.pl?taxon_id=720,Psephotus chrysopterygius,"Golden-shouldered Parrot, Alwal",16-Jul-2000
Birds that are Endangered,birds,endangered,/cgi-bin/sprat/public/publicspecies.pl?taxon_id=64449,Psophodes nigrogularis nigrogularis,Western Heath Whipbird ,16-Jul-2000
Birds that are Endangered,birds,endangered,/cgi-bin/sprat/public/publicspecies.pl?taxon_id=26033,Pterodroma leucoptera leucoptera,"Gould's Petrel, Australian Gould's Petrel",16-Jul-2000
Birds that are Endangered,birds,endangered,/cgi-bin/sprat/public/publicspecies.pl?taxon_id=77037,Rostratula australis,Australian Painted Snipe,15-May-2013
Birds that are Endangered,birds,endangered,/cgi-bin/sprat/public/publicspecies.pl?taxon_id=64451,Sterna vittata bethunei,"New Zealand Antarctic Tern, Antarctic Tern (New Zealand)",16-Jul-2000
Birds that are Endangered,birds,endangered,/cgi-bin/sprat/public/publicspecies.pl?taxon_id=26005,Stipiturus malachurus intermedius,"Fleurieu Peninsula Southern Emu-wren, Mount Lofty Southern Emu-wren",16-Jul-2000
Birds that are Endangered,birds,endangered,/cgi-bin/sprat/public/publicspecies.pl?taxon_id=59459,Stipiturus mallee,Mallee Emu-wren,07-Sep-2008
Birds that are Endangered,birds,endangered,/cgi-bin/sprat/public/publicspecies.pl?taxon_id=89224,Thalassarche cauta,Shy Albatross,03-Jul-2020
Birds that are Endangered,birds,endangered,/cgi-bin/sprat/public/publicspecies.pl?taxon_id=66491,Thalassarche chrysostoma,Grey-headed Albatross,24-Dec-2009
Birds that are Endangered,birds,endangered,/cgi-bin/sprat/public/publicspecies.pl?taxon_id=64457,Thalassarche eremita,Chatham Albatross,16-Jul-2000
Birds that are Endangered,birds,endangered,/cgi-bin/sprat/public/publicspecies.pl?taxon_id=67122,Turdus poliocephalus erythropleurus,Christmas Island Thrush,12-Apr-2005
Birds that are Endangered,birds,endangered,/cgi-bin/sprat/public/publicspecies.pl?taxon_id=59293,Turnix olivii,Buff-breasted Button-quail,16-Jul-2000
Birds that are Endangered,birds,endangered,/cgi-bin/sprat/public/publicspecies.pl?taxon_id=26049,Tyto novaehollandiae melvillensis,"Tiwi Masked Owl, Tiwi Islands Masked Owl",18-Aug-2006
Mammals that are Endangered,mammals,endangered,/cgi-bin/sprat/public/publicspecies.pl?taxon_id=88218,Antechinus argentus,Silver-headed Antechinus,11-May-2018
Mammals that are Endangered,mammals,endangered,/cgi-bin/sprat/public/publicspecies.pl?taxon_id=88217,Antechinus arktos,Black-tailed Antechinus,11-May-2018
Mammals that are Endangered,mammals,endangered,/cgi-bin/sprat/public/publicspecies.pl?taxon_id=25909,Arctocephalus tropicalis,Subantarctic Fur-seal,07-Dec-2016
Mammals that are Endangered,mammals,endangered,/cgi-bin/sprat/public/publicspecies.pl?taxon_id=36,Balaenoptera musculus,Blue Whale,16-Jul-2000
Mammals that are Endangered,mammals,endangered,/cgi-bin/sprat/public/publicspecies.pl?taxon_id=66844,Bettongia penicillata ogilbyi,Woylie,11-Jun-2009
Mammals that are Endangered,mammals,endangered,/cgi-bin/sprat/public/publicspecies.pl?taxon_id=214,Bettongia tropica,Northern Bettong,16-Jul-2000
Mammals that are Endangered,mammals,endangered,/cgi-bin/sprat/public/publicspecies.pl?taxon_id=267,Burramys parvus,Mountain Pygmy-possum,16-Jul-2000
Mammals that are Endangered,mammals,endangered,/cgi-bin/sprat/public/publicspecies.pl?taxon_id=331,Dasyurus hallucatus,"Northern Quoll, Digul [Gogo-Yimidir], Wijingadda [Dambimangari], Wiminji [Martu]",12-Apr-2005
Mammals that are Endangered,mammals,endangered,/cgi-bin/sprat/public/publicspecies.pl?taxon_id=64475,Dasyurus maculatus gracilis,"Spotted-tailed Quoll (North Queensland), Yarri ",16-Jul-2000
Mammals that are Endangered,mammals,endangered,/cgi-bin/sprat/public/publicspecies.pl?taxon_id=75184,Dasyurus maculatus maculatus (SE mainland population),"Spot-tailed Quoll, Spotted-tail Quoll, Tiger Quoll (southeastern mainland population)",14-May-2004
Mammals that are Endangered,mammals,endangered,/cgi-bin/sprat/public/publicspecies.pl?taxon_id=333,Dasyurus viverrinus,"Eastern Quoll, Luaner",03-Dec-2015
Mammals that are Endangered,mammals,endangered,/cgi-bin/sprat/public/publicspecies.pl?taxon_id=40,Eubalaena australis,Southern Right Whale,16-Jul-2000
Mammals that are Endangered,mammals,endangered,/cgi-bin/sprat/public/publicspecies.pl?taxon_id=86675,Hipposideros inornatus,Arnhem Leaf-nosed Bat,03-Dec-2015
Mammals that are Endangered,mammals,endangered,/cgi-bin/sprat/public/publicspecies.pl?taxon_id=68050,Isoodon obesulus obesulus,"Southern Brown Bandicoot (eastern), Southern Brown Bandicoot (south-eastern)",04-Apr-2001
Mammals that are Endangered,mammals,endangered,/cgi-bin/sprat/public/publicspecies.pl?taxon_id=88019,Lagorchestes hirsutus Central Australian subspecies,"Mala, Rufous Hare-Wallaby (Central Australia)",16-Jul-2000
Mammals that are Endangered,mammals,endangered,/cgi-bin/sprat/public/publicspecies.pl?taxon_id=87618,Mesembriomys gouldii gouldii,"Black-footed Tree-rat (Kimberley and mainland Northern Territory), Djintamoonga, Manbul",26-Jun-2015
Mammals that are Endangered,mammals,endangered,/cgi-bin/sprat/public/publicspecies.pl?taxon_id=294,Myrmecobius fasciatus,Numbat,15-Feb-2018
Mammals that are Endangered,mammals,endangered,/cgi-bin/sprat/public/publicspecies.pl?taxon_id=239,Onychogalea fraenata,"Bridled Nail-tail Wallaby, Bridled Nailtail Wallaby",16-Jul-2000
Mammals that are Endangered,mammals,endangered,/cgi-bin/sprat/public/publicspecies.pl?taxon_id=313,Parantechinus apicalis,Dibbler,16-Jul-2000
Mammals that are Endangered,mammals,endangered,/cgi-bin/sprat/public/publicspecies.pl?taxon_id=66631,Perameles bougainville bougainville,Western Barred Bandicoot (Shark Bay),16-Jul-2000
Mammals that are Endangered,mammals,endangered,/cgi-bin/sprat/public/publicspecies.pl?taxon_id=88020,Perameles gunnii Victorian subspecies,Eastern Barred Bandicoot (Mainland),16-Jul-2000
Mammals that are Endangered,mammals,endangered,/cgi-bin/sprat/public/publicspecies.pl?taxon_id=88022,Petaurus australis Wet Tropics subspecies,"Yellow-bellied Glider (Wet Tropics), Fluffy Glider",09-Jul-2020
Mammals that are Endangered,mammals,endangered,/cgi-bin/sprat/public/publicspecies.pl?taxon_id=26775,Petaurus gracilis,Mahogany Glider,16-Jul-2000
Mammals that are Endangered,mammals,endangered,/cgi-bin/sprat/public/publicspecies.pl?taxon_id=59278,Petrogale coenensis,Cape York Rock-wallaby,03-Dec-2015
Mammals that are Endangered,mammals,endangered,/cgi-bin/sprat/public/publicspecies.pl?taxon_id=87606,Petrogale concinna canescens,Nabarlek (Top End),03-Dec-2015
Mammals that are Endangered,mammals,endangered,/cgi-bin/sprat/public/publicspecies.pl?taxon_id=87607,Petrogale concinna monastria,Nabarlek (Kimberley),03-Dec-2015
Mammals that are Endangered,mammals,endangered,/cgi-bin/sprat/public/publicspecies.pl?taxon_id=66647,Petrogale lateralis lateralis,"Black-flanked Rock-wallaby, Moororong, Black-footed Rock Wallaby",07-Dec-2016
Mammals that are Endangered,mammals,endangered,/cgi-bin/sprat/public/publicspecies.pl?taxon_id=226,Petrogale persephone,Proserpine Rock-wallaby,16-Jul-2000
Mammals that are Endangered,mammals,endangered,/cgi-bin/sprat/public/publicspecies.pl?taxon_id=217,Potorous longipes,Long-footed Potoroo,16-Jul-2000
Mammals that are Endangered,mammals,endangered,/cgi-bin/sprat/public/publicspecies.pl?taxon_id=88,Pseudomys fumeus,"Smoky Mouse, Konoom",16-Jul-2000
Mammals that are Endangered,mammals,endangered,/cgi-bin/sprat/public/publicspecies.pl?taxon_id=98,Pseudomys oralis,"Hastings River Mouse, Koontoo",16-Jul-2000
Mammals that are Endangered,mammals,endangered,/cgi-bin/sprat/public/publicspecies.pl?taxon_id=77,Pseudomys shortridgei,"Heath Mouse, Dayang, Heath Rat",07-Dec-2016
Mammals that are Endangered,mammals,endangered,/cgi-bin/sprat/public/publicspecies.pl?taxon_id=185,Pteropus conspicillatus,Spectacled Flying-fox,22-Feb-2019
Mammals that are Endangered,mammals,endangered,/cgi-bin/sprat/public/publicspecies.pl?taxon_id=299,Sarcophilus harrisii,Tasmanian Devil,29-May-2009
Mammals that are Endangered,mammals,endangered,/cgi-bin/sprat/public/publicspecies.pl?taxon_id=87634,Sminthopsis griseoventer aitkeni,Kangaroo Island Dunnart,16-Jul-2000
Mammals that are Endangered,mammals,endangered,/cgi-bin/sprat/public/publicspecies.pl?taxon_id=291,Sminthopsis psammophila,Sandhill Dunnart,16-Jul-2000
Mammals that are Endangered,mammals,endangered,/cgi-bin/sprat/public/publicspecies.pl?taxon_id=87597,Tachyglossus aculeatus multiaculeatus,Kangaroo Island Echidna,26-Jun-2015
Mammals that are Endangered,mammals,endangered,/cgi-bin/sprat/public/publicspecies.pl?taxon_id=25907,Zyzomys palatalis,"Carpentarian Rock-rat, Aywalirroomoo",16-Jul-2000
Other Animals that are Endangered,other,animals_endangered,/cgi-bin/sprat/public/publicspecies.pl?taxon_id=83886,Adclarkia cameroni,Brigalow Woodland Snail,07-Dec-2016
Other Animals that are Endangered,other,animals_endangered,/cgi-bin/sprat/public/publicspecies.pl?taxon_id=83885,Adclarkia dulacca,Dulacca Woodland Snail,07-Dec-2016
Other Animals that are Endangered,other,animals_endangered,/cgi-bin/sprat/public/publicspecies.pl?taxon_id=77672,Antipodia chaostola leucophaea,"Tasmanian Chaostola Skipper, Heath-sand Skipper",19-Aug-2010
Other Animals that are Endangered,other,animals_endangered,/cgi-bin/sprat/public/publicspecies.pl?taxon_id=89126,Bertmainius tingle,Tingle Pygmy Trapdoor Spider,11-May-2018
Other Animals that are Endangered,other,animals_endangered,/cgi-bin/sprat/public/publicspecies.pl?taxon_id=78959,Engaeus granulatus,Central North Burrowing Crayfish,15-Nov-2005
Other Animals that are Endangered,other,animals_endangered,/cgi-bin/sprat/public/publicspecies.pl?taxon_id=67220,Engaeus martigener,Furneaux Burrowing Crayfish,06-Aug-2001
Other Animals that are Endangered,other,animals_endangered,/cgi-bin/sprat/public/publicspecies.pl?taxon_id=66780,Engaeus spinicaudatus,Scottsdale Burrowing Crayfish,06-Aug-2001
Other Animals that are Endangered,other,animals_endangered,/cgi-bin/sprat/public/publicspecies.pl?taxon_id=82676,Engaewa walpolea,Walpole Burrowing Crayfish,24-Apr-2009
Other Animals that are Endangered,other,animals_endangered,/cgi-bin/sprat/public/publicspecies.pl?taxon_id=81552,Euastacus bispinosus,"Glenelg Spiny Freshwater Crayfish, Pricklyback",15-Feb-2011
Other Animals that are Endangered,other,animals_endangered,/cgi-bin/sprat/public/publicspecies.pl?taxon_id=66760,Lissotes latidens,"Broad-toothed Stag Beetle, Wielangta Stag Beetle",03-Dec-2002
Other Animals that are Endangered,other,animals_endangered,/cgi-bin/sprat/public/publicspecies.pl?taxon_id=79111,Mesodontrachia fitzroyana,Fitzroy Land Snail,18-Aug-2006
Other Animals that are Endangered,other,animals_endangered,/cgi-bin/sprat/public/publicspecies.pl?taxon_id=26327,Oreixenica ptunarra,"Ptunarra Brown, Ptunarra Brown Butterfly, Ptunarra Xenica",24-Jan-2014
Other Animals that are Endangered,other,animals_endangered,/cgi-bin/sprat/public/publicspecies.pl?taxon_id=66766,Paralucia pyrodiscus lucida,Eltham Copper Butterfly,05-May-2016
Other Animals that are Endangered,other,animals_endangered,/cgi-bin/sprat/public/publicspecies.pl?taxon_id=86084,Phyllodes imperialis smithersi,Pink Underwing Moth,03-Dec-2002
Other Animals that are Endangered,other,animals_endangered,/cgi-bin/sprat/public/publicspecies.pl?taxon_id=66769,Placostylus bivaricosus,"Lord Howe Flax Snail, Lord Howe Placostylus",15-Nov-2005
Other Animals that are Endangered,other,animals_endangered,/cgi-bin/sprat/public/publicspecies.pl?taxon_id=85268,Pommerhelix duralensis,Dural Land Snail,09-Apr-2015
Other Animals that are Endangered,other,animals_endangered,/cgi-bin/sprat/public/publicspecies.pl?taxon_id=79219,Semotrachia euzyga,a land snail,18-Aug-2006
Other Animals that are Endangered,other,animals_endangered,/cgi-bin/sprat/public/publicspecies.pl?taxon_id=79113,Sinumelon bednalli,Bednall's Land Snail,18-Aug-2006
Other Animals that are Endangered,other,animals_endangered,/cgi-bin/sprat/public/publicspecies.pl?taxon_id=90855,Tasmanipatus anophthalmus,Blind Velvet Worm,30-Jun-2009
Other Animals that are Endangered,other,animals_endangered,/cgi-bin/sprat/public/publicspecies.pl?taxon_id=25289,Thaumatoperla alpina,Alpine Stonefly,31-Mar-2011
Other Animals that are Endangered,other,animals_endangered,/cgi-bin/sprat/public/publicspecies.pl?taxon_id=87805,Trioza barrettae,Banksia brownii plant louse,04-Jul-2019
Other Animals that are Endangered,other,animals_endangered,/cgi-bin/sprat/public/publicspecies.pl?taxon_id=84159,Trisyntopa scatophaga,Antbed Parrot Moth,07-Dec-2016
Fishes that are Vulnerable,fishes,vulnerable,/cgi-bin/sprat/public/publicspecies.pl?taxon_id=83757,Brachiopsilus ziebelli,"Ziebell's Handfish, Waterfall Bay Handfish",16-Jul-2000
Fishes that are Vulnerable,fishes,vulnerable,/cgi-bin/sprat/public/publicspecies.pl?taxon_id=68752,Carcharias taurus (west coast population),Grey Nurse Shark (west coast population),16-Oct-2001
Fishes that are Vulnerable,fishes,vulnerable,/cgi-bin/sprat/public/publicspecies.pl?taxon_id=64470,Carcharodon carcharias,"White Shark, Great White Shark",16-Jul-2000
Fishes that are Vulnerable,fishes,vulnerable,/cgi-bin/sprat/public/publicspecies.pl?taxon_id=66675,Chlamydogobius squamigenus,Edgbaston Goby,16-Jul-2000
Fishes that are Vulnerable,fishes,vulnerable,/cgi-bin/sprat/public/publicspecies.pl?taxon_id=68449,Epinephelus daemelii,"Black Rockcod, Black Cod, Saddled Rockcod",04-Apr-2012
Fishes that are Vulnerable,fishes,vulnerable,/cgi-bin/sprat/public/publicspecies.pl?taxon_id=26175,Galaxias parvus,Swamp Galaxias,24-Nov-2006
Fishes that are Vulnerable,fishes,vulnerable,/cgi-bin/sprat/public/publicspecies.pl?taxon_id=26176,Galaxias tanycephalus,Saddled Galaxias,16-Jul-2000
Fishes that are Vulnerable,fishes,vulnerable,/cgi-bin/sprat/public/publicspecies.pl?taxon_id=56790,Galaxiella pusilla,"Eastern Dwarf Galaxias, Dwarf Galaxias",16-Jul-2000
Fishes that are Vulnerable,fishes,vulnerable,/cgi-bin/sprat/public/publicspecies.pl?taxon_id=66633,Maccullochella peelii,Murray Cod,03-Jul-2003
Fishes that are Vulnerable,fishes,vulnerable,/cgi-bin/sprat/public/publicspecies.pl?taxon_id=66676,Milyeringa veritas,Blind Gudgeon,16-Jul-2000
Fishes that are Vulnerable,fishes,vulnerable,/cgi-bin/sprat/public/publicspecies.pl?taxon_id=66693,Mogurnda clivicola,"Flinders Ranges Mogurnda, Flinders Ranges Purple-spotted Gudgeon",16-Jul-2000
Fishes that are Vulnerable,fishes,vulnerable,/cgi-bin/sprat/public/publicspecies.pl?taxon_id=66698,Nannatherina balstoni,Balston's Pygmy Perch,24-Nov-2006
Fishes that are Vulnerable,fishes,vulnerable,/cgi-bin/sprat/public/publicspecies.pl?taxon_id=26177,Nannoperca obscura,Yarra Pygmy Perch,16-Jul-2000
Fishes that are Vulnerable,fishes,vulnerable,/cgi-bin/sprat/public/publicspecies.pl?taxon_id=26178,Nannoperca variegata,"Variegated Pygmy Perch, Ewens Pygmy Perch, Golden Pygmy Perch",16-Jul-2000
Fishes that are Vulnerable,fishes,vulnerable,/cgi-bin/sprat/public/publicspecies.pl?taxon_id=67620,Neoceratodus forsteri,"Australian Lungfish, Queensland Lungfish",06-Aug-2003
Fishes that are Vulnerable,fishes,vulnerable,/cgi-bin/sprat/public/publicspecies.pl?taxon_id=66678,Ophisternon candidum,Blind Cave Eel,16-Jul-2000
Fishes that are Vulnerable,fishes,vulnerable,/cgi-bin/sprat/public/publicspecies.pl?taxon_id=77042,Paragalaxias dissimilis,Shannon Paragalaxias,24-Nov-2006
Fishes that are Vulnerable,fishes,vulnerable,/cgi-bin/sprat/public/publicspecies.pl?taxon_id=77041,Paragalaxias eleotroides,Great Lake Paragalaxias,24-Nov-2006
Fishes that are Vulnerable,fishes,vulnerable,/cgi-bin/sprat/public/publicspecies.pl?taxon_id=68447,Pristis clavata,"Dwarf Sawfish, Queensland Sawfish",20-Oct-2009
Fishes that are Vulnerable,fishes,vulnerable,/cgi-bin/sprat/public/publicspecies.pl?taxon_id=60756,Pristis pristis,"Freshwater Sawfish, Largetooth Sawfish, River Sawfish, Leichhardt's Sawfish, Northern Sawfish",16-Jul-2000
Fishes that are Vulnerable,fishes,vulnerable,/cgi-bin/sprat/public/publicspecies.pl?taxon_id=68442,Pristis zijsron,"Green Sawfish, Dindagubba, Narrowsnout Sawfish",07-Mar-2008
Fishes that are Vulnerable,fishes,vulnerable,/cgi-bin/sprat/public/publicspecies.pl?taxon_id=26179,Prototroctes maraena,Australian Grayling,16-Jul-2000
Fishes that are Vulnerable,fishes,vulnerable,/cgi-bin/sprat/public/publicspecies.pl?taxon_id=26180,Pseudomugil mellis,Honey Blue-eye,16-Jul-2000
Fishes that are Vulnerable,fishes,vulnerable,/cgi-bin/sprat/public/publicspecies.pl?taxon_id=66680,Rhincodon typus,Whale Shark,16-Oct-2001
Frogs that are Vulnerable,frogs,vulnerable,/cgi-bin/sprat/public/publicspecies.pl?taxon_id=26172,Geocrinia vitellina,Orange-bellied Frog,16-Jul-2000
Frogs that are Vulnerable,frogs,vulnerable,/cgi-bin/sprat/public/publicspecies.pl?taxon_id=1973,Heleioporus australiacus,Giant Burrowing Frog,16-Jul-2000
Frogs that are Vulnerable,frogs,vulnerable,/cgi-bin/sprat/public/publicspecies.pl?taxon_id=1870,Litoria aurea,Green and Golden Bell Frog,16-Jul-2000
Frogs that are Vulnerable,frogs,vulnerable,/cgi-bin/sprat/public/publicspecies.pl?taxon_id=86707,Litoria dayi,"Australian Lace-lid, Lace-eyed Tree Frog, Day's Big-eyed Treefrog",04-Jul-2019
Frogs that are Vulnerable,frogs,vulnerable,/cgi-bin/sprat/public/publicspecies.pl?taxon_id=64733,Litoria littlejohni,"Littlejohn's Tree Frog,  Heath Frog",16-Jul-2000
Frogs that are Vulnerable,frogs,vulnerable,/cgi-bin/sprat/public/publicspecies.pl?taxon_id=1821,Litoria olongburensis,Wallum Sedge Frog,16-Jul-2000
Frogs that are Vulnerable,frogs,vulnerable,/cgi-bin/sprat/public/publicspecies.pl?taxon_id=1827,Litoria piperata,Peppered Tree Frog,16-Jul-2000
Frogs that are Vulnerable,frogs,vulnerable,/cgi-bin/sprat/public/publicspecies.pl?taxon_id=1828,Litoria raniformis,"Growling Grass Frog, Southern Bell Frog,  Green and Golden Frog, Warty Swamp Frog, Golden Bell Frog",16-Jul-2000
Frogs that are Vulnerable,frogs,vulnerable,/cgi-bin/sprat/public/publicspecies.pl?taxon_id=66669,Litoria verreauxii alpina,"Alpine Tree Frog, Verreaux's Alpine Tree Frog",16-Jul-2000
Frogs that are Vulnerable,frogs,vulnerable,/cgi-bin/sprat/public/publicspecies.pl?taxon_id=1942,Mixophyes balbus,"Stuttering Frog, Southern Barred Frog (in Victoria)",16-Jul-2000
Frogs that are Vulnerable,frogs,vulnerable,/cgi-bin/sprat/public/publicspecies.pl?taxon_id=64385,Pseudophryne covacevichae,Magnificent Brood Frog,16-Jul-2000
Frogs that are Vulnerable,frogs,vulnerable,/cgi-bin/sprat/public/publicspecies.pl?taxon_id=64782,Spicospina flammocaerulea,Sunset Frog,04-Jul-2019
Reptiles that are Vulnerable,reptiles,vulnerable,/cgi-bin/sprat/public/publicspecies.pl?taxon_id=83821,Acanthophis hawkei,Plains Death Adder,11-May-2012
Reptiles that are Vulnerable,reptiles,vulnerable,/cgi-bin/sprat/public/publicspecies.pl?taxon_id=25934,Anomalopus mackayi,"Five-clawed Worm-skink, Long-legged Worm-skink",16-Jul-2000
Reptiles that are Vulnerable,reptiles,vulnerable,/cgi-bin/sprat/public/publicspecies.pl?taxon_id=1665,Aprasia parapulchella,"Pink-tailed Worm-lizard, Pink-tailed Legless Lizard",16-Jul-2000
Reptiles that are Vulnerable,reptiles,vulnerable,/cgi-bin/sprat/public/publicspecies.pl?taxon_id=1666,Aprasia pseudopulchella,Flinders Ranges Worm-lizard,16-Jul-2000
Reptiles that are Vulnerable,reptiles,vulnerable,/cgi-bin/sprat/public/publicspecies.pl?taxon_id=90203,Carinascincus palfreymani,"Pedra Branca Skink,  Pedra Branca Cool-skink, Red-throated Skink",16-Jul-2000
Reptiles that are Vulnerable,reptiles,vulnerable,/cgi-bin/sprat/public/publicspecies.pl?taxon_id=1765,Chelonia mydas,Green Turtle,16-Jul-2000
Reptiles that are Vulnerable,reptiles,vulnerable,/cgi-bin/sprat/public/publicspecies.pl?taxon_id=59250,Christinus guentheri,"Lord Howe Island Gecko, Lord Howe Island Southern Gecko ",16-Jul-2000
Reptiles that are Vulnerable,reptiles,vulnerable,/cgi-bin/sprat/public/publicspecies.pl?taxon_id=59628,Coeranoscincus reticulatus,Three-toed Snake-tooth Skink,16-Jul-2000
Reptiles that are Vulnerable,reptiles,vulnerable,/cgi-bin/sprat/public/publicspecies.pl?taxon_id=1603,Ctenophorus yinnietharra,Yinnietharra Rock-Dragon,16-Jul-2000
Reptiles that are Vulnerable,reptiles,vulnerable,/cgi-bin/sprat/public/publicspecies.pl?taxon_id=1482,Ctenotus lancelini,Lancelin Island Skink,16-Jul-2000
Reptiles that are Vulnerable,reptiles,vulnerable,/cgi-bin/sprat/public/publicspecies.pl?taxon_id=25570,Ctenotus zastictus,Hamelin Ctenotus,16-Jul-2000
Reptiles that are Vulnerable,reptiles,vulnerable,/cgi-bin/sprat/public/publicspecies.pl?taxon_id=1649,Delma impar,"Striped Legless Lizard, Striped Snake-lizard",16-Jul-2000
Reptiles that are Vulnerable,reptiles,vulnerable,/cgi-bin/sprat/public/publicspecies.pl?taxon_id=25931,Delma mitella,"Atherton Delma, Legless Lizard",16-Jul-2000
Reptiles that are Vulnerable,reptiles,vulnerable,/cgi-bin/sprat/public/publicspecies.pl?taxon_id=1656,Delma torquata,"Adorned Delma, Collared Delma",16-Jul-2000
Reptiles that are Vulnerable,reptiles,vulnerable,/cgi-bin/sprat/public/publicspecies.pl?taxon_id=1193,Denisonia maculata,Ornamental Snake,16-Jul-2000
Reptiles that are Vulnerable,reptiles,vulnerable,/cgi-bin/sprat/public/publicspecies.pl?taxon_id=1420,Egernia rugosa,Yakka Skink,16-Jul-2000
Reptiles that are Vulnerable,reptiles,vulnerable,/cgi-bin/sprat/public/publicspecies.pl?taxon_id=1766,Eretmochelys imbricata,Hawksbill Turtle,16-Jul-2000
Reptiles that are Vulnerable,reptiles,vulnerable,/cgi-bin/sprat/public/publicspecies.pl?taxon_id=59254,Furina dunmalli,Dunmall's Snake,16-Jul-2000
Reptiles that are Vulnerable,reptiles,vulnerable,/cgi-bin/sprat/public/publicspecies.pl?taxon_id=1182,Hoplocephalus bungaroides,Broad-headed Snake,16-Jul-2000
Reptiles that are Vulnerable,reptiles,vulnerable,/cgi-bin/sprat/public/publicspecies.pl?taxon_id=1308,Lerista vittata,"Mount Cooper Striped Skink, Mount Cooper Striped Lerista",16-Jul-2000
Reptiles that are Vulnerable,reptiles,vulnerable,/cgi-bin/sprat/public/publicspecies.pl?taxon_id=66699,Liasis olivaceus barroni,Olive Python (Pilbara subspecies),16-Jul-2000
Reptiles that are Vulnerable,reptiles,vulnerable,/cgi-bin/sprat/public/publicspecies.pl?taxon_id=83160,Liopholis kintorei,"Great Desert Skink, Tjakura, Warrarna, Mulyamiji",16-Jul-2000
Reptiles that are Vulnerable,reptiles,vulnerable,/cgi-bin/sprat/public/publicspecies.pl?taxon_id=83162,Liopholis pulchra longicauda,"Jurien Bay Skink, Jurien Bay Rock-skink",11-Jun-2009
Reptiles that are Vulnerable,reptiles,vulnerable,/cgi-bin/sprat/public/publicspecies.pl?taxon_id=59257,Natator depressus,Flatback Turtle,16-Jul-2000
Reptiles that are Vulnerable,reptiles,vulnerable,/cgi-bin/sprat/public/publicspecies.pl?taxon_id=82287,Notechis scutatus ater,Krefft's Tiger Snake (Flinders Ranges),16-Jul-2000
Reptiles that are Vulnerable,reptiles,vulnerable,/cgi-bin/sprat/public/publicspecies.pl?taxon_id=82034,Oligosoma lichenigera,Lord Howe Island Skink,16-Jul-2000
Reptiles that are Vulnerable,reptiles,vulnerable,/cgi-bin/sprat/public/publicspecies.pl?taxon_id=1630,Ophidiocephalus taeniatus,Bronzeback Snake-lizard,16-Jul-2000
Reptiles that are Vulnerable,reptiles,vulnerable,/cgi-bin/sprat/public/publicspecies.pl?taxon_id=1262,Ramphotyphlops exocoeti,"Christmas Island Blind Snake, Christmas Island Pink Blind Snake",16-Jul-2000
Reptiles that are Vulnerable,reptiles,vulnerable,/cgi-bin/sprat/public/publicspecies.pl?taxon_id=1761,Rheodytes leukops,"Fitzroy River Turtle, Fitzroy Tortoise, Fitzroy Turtle, White-eyed River Diver",16-Jul-2000
Reptiles that are Vulnerable,reptiles,vulnerable,/cgi-bin/sprat/public/publicspecies.pl?taxon_id=84578,Uvidicolus sphyrurus,"Border Thick-tailed Gecko, Granite Belt Thick-tailed Gecko",16-Jul-2000
Reptiles that are Vulnerable,reptiles,vulnerable,/cgi-bin/sprat/public/publicspecies.pl?taxon_id=86071,Wollumbinia belli,"Bell's Turtle, Western Sawshelled Turtle, Namoi River Turtle, Bell's Saw-shelled Turtle",16-Jul-2000
Birds that are Vulnerable,birds,vulnerable,/cgi-bin/sprat/public/publicspecies.pl?taxon_id=67080,Acanthiza iredalei rosinae,Slender-billed Thornbill (Gulf St Vincent),08-Jul-2015
Birds that are Vulnerable,birds,vulnerable,/cgi-bin/sprat/public/publicspecies.pl?taxon_id=86269,Amytornis merrotsyi merrotsyi,Short-tailed Grasswren (Flinders Ranges),06-Nov-2014
Birds that are Vulnerable,birds,vulnerable,/cgi-bin/sprat/public/publicspecies.pl?taxon_id=84121,Amytornis modestus,Thick-billed Grasswren,16-Jul-2000
Birds that are Vulnerable,birds,vulnerable,/cgi-bin/sprat/public/publicspecies.pl?taxon_id=64454,Amytornis textilis myall,Western Grasswren (Gawler Ranges),06-Nov-2014
Birds that are Vulnerable,birds,vulnerable,/cgi-bin/sprat/public/publicspecies.pl?taxon_id=564,Amytornis woodwardi,"White-throated Grasswren, Yirlinkirrkirr",06-Nov-2014
Birds that are Vulnerable,birds,vulnerable,/cgi-bin/sprat/public/publicspecies.pl?taxon_id=26000,Anous tenuirostris melanops,Australian Lesser Noddy,16-Jul-2000
Birds that are Vulnerable,birds,vulnerable,/cgi-bin/sprat/public/publicspecies.pl?taxon_id=67034,Calyptorhynchus banksii naso,"Forest Red-tailed Black-Cockatoo, Karrak",11-Jun-2009
Birds that are Vulnerable,birds,vulnerable,/cgi-bin/sprat/public/publicspecies.pl?taxon_id=25978,Cereopsis novaehollandiae grisea,"Cape Barren Goose (south-western), Recherche Cape Barren Goose",16-Jul-2000
Birds that are Vulnerable,birds,vulnerable,/cgi-bin/sprat/public/publicspecies.pl?taxon_id=877,Charadrius leschenaultii,"Greater Sand Plover, Large Sand Plover",05-May-2016
Birds that are Vulnerable,birds,vulnerable,/cgi-bin/sprat/public/publicspecies.pl?taxon_id=64458,Diomedea antipodensis,Antipodean Albatross,16-Jul-2000
Birds that are Vulnerable,birds,vulnerable,/cgi-bin/sprat/public/publicspecies.pl?taxon_id=82270,Diomedea antipodensis gibsoni,Gibson's Albatross,16-Jul-2000
Birds that are Vulnerable,birds,vulnerable,/cgi-bin/sprat/public/publicspecies.pl?taxon_id=89221,Diomedea epomophora,Southern Royal Albatross,16-Jul-2000
Birds that are Vulnerable,birds,vulnerable,/cgi-bin/sprat/public/publicspecies.pl?taxon_id=89223,Diomedea exulans,Wandering Albatross,16-Jul-2000
Birds that are Vulnerable,birds,vulnerable,/cgi-bin/sprat/public/publicspecies.pl?taxon_id=942,Erythrotriorchis radiatus,Red Goshawk,16-Jul-2000
Birds that are Vulnerable,birds,vulnerable,/cgi-bin/sprat/public/publicspecies.pl?taxon_id=929,Falco hypoleucos,Grey Falcon,09-Jul-2020
Birds that are Vulnerable,birds,vulnerable,/cgi-bin/sprat/public/publicspecies.pl?taxon_id=26013,Falcunculus frontatus whitei,"Crested Shrike-tit (northern), Northern Shrike-tit",16-Jul-2000
Birds that are Vulnerable,birds,vulnerable,/cgi-bin/sprat/public/publicspecies.pl?taxon_id=64438,Fregetta grallaria grallaria,"White-bellied Storm-Petrel (Tasman Sea), White-bellied Storm-Petrel (Australasian)",16-Jul-2000
Birds that are Vulnerable,birds,vulnerable,/cgi-bin/sprat/public/publicspecies.pl?taxon_id=64440,Geophaps scripta scripta,Squatter Pigeon (southern),16-Jul-2000
Birds that are Vulnerable,birds,vulnerable,/cgi-bin/sprat/public/publicspecies.pl?taxon_id=66501,Geophaps smithii blaauwi,Partridge Pigeon (western),16-Jul-2000
Birds that are Vulnerable,birds,vulnerable,/cgi-bin/sprat/public/publicspecies.pl?taxon_id=64441,Geophaps smithii smithii,Partridge Pigeon (eastern),16-Jul-2000
Birds that are Vulnerable,birds,vulnerable,/cgi-bin/sprat/public/publicspecies.pl?taxon_id=470,Grantiella picta,Painted Honeyeater,08-Jul-2015
Birds that are Vulnerable,birds,vulnerable,/cgi-bin/sprat/public/publicspecies.pl?taxon_id=1059,Halobaena caerulea,Blue Petrel,16-Jul-2000
Birds that are Vulnerable,birds,vulnerable,/cgi-bin/sprat/public/publicspecies.pl?taxon_id=682,Hirundapus caudacutus,White-throated Needletail,04-Jul-2019
Birds that are Vulnerable,birds,vulnerable,/cgi-bin/sprat/public/publicspecies.pl?taxon_id=934,Leipoa ocellata,Malleefowl,16-Jul-2000
Birds that are Vulnerable,birds,vulnerable,/cgi-bin/sprat/public/publicspecies.pl?taxon_id=66994,Leucocarbo atriceps nivalis,"Imperial Shag (Heard Island), Heard Shag",16-Jul-2000
Birds that are Vulnerable,birds,vulnerable,/cgi-bin/sprat/public/publicspecies.pl?taxon_id=66995,Leucocarbo atriceps purpurascens,Imperial Shag (Macquarie Island),16-Jul-2000
Birds that are Vulnerable,birds,vulnerable,/cgi-bin/sprat/public/publicspecies.pl?taxon_id=86380,Limosa lapponica baueri,"Bar-tailed Godwit (baueri), Western Alaskan Bar-tailed Godwit",05-May-2016
Birds that are Vulnerable,birds,vulnerable,/cgi-bin/sprat/public/publicspecies.pl?taxon_id=1061,Macronectes halli,Northern Giant Petrel,04-Apr-2001
Birds that are Vulnerable,birds,vulnerable,/cgi-bin/sprat/public/publicspecies.pl?taxon_id=26194,Malurus leucopterus edouardi,"White-winged Fairy-wren (Barrow Island), Barrow Island Black-and-white Fairy-wren",16-Jul-2000
Birds that are Vulnerable,birds,vulnerable,/cgi-bin/sprat/public/publicspecies.pl?taxon_id=26004,Malurus leucopterus leucopterus,"White-winged Fairy-wren (Dirk Hartog Island), Dirk Hartog Black-and-White Fairy-wren",16-Jul-2000
Birds that are Vulnerable,birds,vulnerable,/cgi-bin/sprat/public/publicspecies.pl?taxon_id=81011,Mirafra javanica melvillensis,Horsfield's Bushlark (Tiwi Islands),08-Jul-2015
Birds that are Vulnerable,birds,vulnerable,/cgi-bin/sprat/public/publicspecies.pl?taxon_id=66671,Ninox natalis,"Christmas Island Hawk-Owl, Christmas Boobook ",16-Jul-2000
Birds that are Vulnerable,birds,vulnerable,/cgi-bin/sprat/public/publicspecies.pl?taxon_id=64444,Pachycephala pectoralis xanthoprocta,Golden Whistler (Norfolk Island),16-Jul-2000
Birds that are Vulnerable,birds,vulnerable,/cgi-bin/sprat/public/publicspecies.pl?taxon_id=601,Pachycephala rufogularis,Red-lored Whistler,16-Jul-2000
Birds that are Vulnerable,birds,vulnerable,/cgi-bin/sprat/public/publicspecies.pl?taxon_id=64445,Pachyptila turtur subantarctica,Fairy Prion (southern),16-Jul-2000
Birds that are Vulnerable,birds,vulnerable,/cgi-bin/sprat/public/publicspecies.pl?taxon_id=604,Petroica multicolor,"Norfolk Island Robin, Pacific Robin",16-Jul-2000
Birds that are Vulnerable,birds,vulnerable,/cgi-bin/sprat/public/publicspecies.pl?taxon_id=1075,Phoebetria fusca,Sooty Albatross,16-Jul-2000
Birds that are Vulnerable,birds,vulnerable,/cgi-bin/sprat/public/publicspecies.pl?taxon_id=67041,Platycercus caledonicus brownii,Green Rosella (King Island),31-Oct-2015
Birds that are Vulnerable,birds,vulnerable,/cgi-bin/sprat/public/publicspecies.pl?taxon_id=758,Polytelis alexandrae,"Princess Parrot, Alexandra's Parrot",16-Jul-2000
Birds that are Vulnerable,birds,vulnerable,/cgi-bin/sprat/public/publicspecies.pl?taxon_id=59612,Polytelis anthopeplus monarchoides,Regent Parrot (eastern),16-Jul-2000
Birds that are Vulnerable,birds,vulnerable,/cgi-bin/sprat/public/publicspecies.pl?taxon_id=738,Polytelis swainsonii,Superb Parrot,16-Jul-2000
Birds that are Vulnerable,birds,vulnerable,/cgi-bin/sprat/public/publicspecies.pl?taxon_id=67033,Probosciger aterrimus macgillivrayi,Palm Cockatoo (Australian),31-Oct-2015
Birds that are Vulnerable,birds,vulnerable,/cgi-bin/sprat/public/publicspecies.pl?taxon_id=81025,Psophodes leucogaster leucogaster,Mallee Whipbird,16-Jul-2000
Birds that are Vulnerable,birds,vulnerable,/cgi-bin/sprat/public/publicspecies.pl?taxon_id=1036,Pterodroma mollis,Soft-plumaged Petrel,16-Jul-2000
Birds that are Vulnerable,birds,vulnerable,/cgi-bin/sprat/public/publicspecies.pl?taxon_id=64450,Pterodroma neglecta neglecta,Kermadec Petrel (western),16-Jul-2000
Birds that are Vulnerable,birds,vulnerable,/cgi-bin/sprat/public/publicspecies.pl?taxon_id=64452,Sterna vittata vittata,Antarctic Tern (Indian Ocean),16-Jul-2000
Birds that are Vulnerable,birds,vulnerable,/cgi-bin/sprat/public/publicspecies.pl?taxon_id=82950,Sternula nereis nereis,Australian Fairy Tern,03-Mar-2011
Birds that are Vulnerable,birds,vulnerable,/cgi-bin/sprat/public/publicspecies.pl?taxon_id=26006,Stipiturus malachurus parimeda,Southern Emu-wren (Eyre Peninsula),16-Jul-2000
Birds that are Vulnerable,birds,vulnerable,/cgi-bin/sprat/public/publicspecies.pl?taxon_id=67113,Strepera fuliginosa colei,Black Currawong (King Island),31-Oct-2015
Birds that are Vulnerable,birds,vulnerable,/cgi-bin/sprat/public/publicspecies.pl?taxon_id=25994,Strepera graculina crissalis,"Lord Howe Island Currawong, Pied Currawong (Lord Howe Island)",16-Jul-2000
Birds that are Vulnerable,birds,vulnerable,/cgi-bin/sprat/public/publicspecies.pl?taxon_id=64460,Thalassarche bulleri,"Buller's Albatross, Pacific Albatross",16-Jul-2000
Birds that are Vulnerable,birds,vulnerable,/cgi-bin/sprat/public/publicspecies.pl?taxon_id=82273,Thalassarche bulleri platei,"Northern Buller's Albatross, Pacific Albatross",16-Jul-2000
Birds that are Vulnerable,birds,vulnerable,/cgi-bin/sprat/public/publicspecies.pl?taxon_id=64464,Thalassarche carteri,Indian Yellow-nosed  Albatross,16-Jul-2000
Birds that are Vulnerable,birds,vulnerable,/cgi-bin/sprat/public/publicspecies.pl?taxon_id=64459,Thalassarche impavida,"Campbell Albatross, Campbell Black-browed Albatross",16-Jul-2000
Birds that are Vulnerable,birds,vulnerable,/cgi-bin/sprat/public/publicspecies.pl?taxon_id=66472,Thalassarche melanophris,Black-browed Albatross,06-Jun-2005
Birds that are Vulnerable,birds,vulnerable,/cgi-bin/sprat/public/publicspecies.pl?taxon_id=64463,Thalassarche salvini,Salvin's Albatross,16-Jul-2000
Birds that are Vulnerable,birds,vulnerable,/cgi-bin/sprat/public/publicspecies.pl?taxon_id=64462,Thalassarche steadi,White-capped Albatross,16-Jul-2000
Birds that are Vulnerable,birds,vulnerable,/cgi-bin/sprat/public/publicspecies.pl?taxon_id=90381,Thinornis cucullatus cucullatus,"Hooded Plover (eastern), Eastern Hooded Plover",06-Nov-2014
Birds that are Vulnerable,birds,vulnerable,/cgi-bin/sprat/public/publicspecies.pl?taxon_id=923,Turnix melanogaster,Black-breasted Button-quail,16-Jul-2000
Birds that are Vulnerable,birds,vulnerable,/cgi-bin/sprat/public/publicspecies.pl?taxon_id=82451,Turnix varius scintillans,Painted Button-quail (Houtman Abrolhos),16-Jul-2000
Birds that are Vulnerable,birds,vulnerable,/cgi-bin/sprat/public/publicspecies.pl?taxon_id=67051,Tyto novaehollandiae castanops (Tasmanian population),Masked Owl (Tasmanian),19-Aug-2010
Birds that are Vulnerable,birds,vulnerable,/cgi-bin/sprat/public/publicspecies.pl?taxon_id=26048,Tyto novaehollandiae kimberli,Masked Owl (northern),16-Jul-2000
Birds that are Vulnerable,birds,vulnerable,/cgi-bin/sprat/public/publicspecies.pl?taxon_id=67121,Zoothera lunulata halmaturina,Bassian Thrush (South Australian),08-Jul-2015
Mammals that are Vulnerable,mammals,vulnerable,/cgi-bin/sprat/public/publicspecies.pl?taxon_id=344,Antechinus bellus,Fawn Antechinus,03-Dec-2015
Mammals that are Vulnerable,mammals,vulnerable,/cgi-bin/sprat/public/publicspecies.pl?taxon_id=83086,Antechinus minimus maritimus,Swamp Antechinus (mainland),05-May-2016
Mammals that are Vulnerable,mammals,vulnerable,/cgi-bin/sprat/public/publicspecies.pl?taxon_id=34,Balaenoptera borealis,Sei Whale,16-Jul-2000
Mammals that are Vulnerable,mammals,vulnerable,/cgi-bin/sprat/public/publicspecies.pl?taxon_id=37,Balaenoptera physalus,Fin Whale,16-Jul-2000
Mammals that are Vulnerable,mammals,vulnerable,/cgi-bin/sprat/public/publicspecies.pl?taxon_id=88021,Bettongia lesueur Barrow and Boodie Islands subspecies,"Boodie, Burrowing Bettong (Barrow and Boodie Islands)",16-Jul-2000
Mammals that are Vulnerable,mammals,vulnerable,/cgi-bin/sprat/public/publicspecies.pl?taxon_id=66659,Bettongia lesueur lesueur,"Burrowing Bettong (Shark Bay), Boodie",16-Jul-2000
Mammals that are Vulnerable,mammals,vulnerable,/cgi-bin/sprat/public/publicspecies.pl?taxon_id=183,Chalinolobus dwyeri,"Large-eared Pied Bat, Large Pied Bat",04-Apr-2001
Mammals that are Vulnerable,mammals,vulnerable,/cgi-bin/sprat/public/publicspecies.pl?taxon_id=132,Conilurus penicillatus,"Brush-tailed Rabbit-rat, Brush-tailed Tree-rat, Pakooma",06-Dec-2008
Mammals that are Vulnerable,mammals,vulnerable,/cgi-bin/sprat/public/publicspecies.pl?taxon_id=329,Dasyuroides byrnei,"Kowari, brushy-tailed marsupial rat, Byrne's crest-tailed marsupial rat ",16-Jul-2000
Mammals that are Vulnerable,mammals,vulnerable,/cgi-bin/sprat/public/publicspecies.pl?taxon_id=330,Dasyurus geoffroii,"Chuditch, Western Quoll",16-Jul-2000
Mammals that are Vulnerable,mammals,vulnerable,/cgi-bin/sprat/public/publicspecies.pl?taxon_id=75183,Dasyurus maculatus maculatus (Tasmanian population),"Spotted-tail Quoll, Spot-tailed Quoll, Tiger Quoll (Tasmanian population)",14-May-2004
Mammals that are Vulnerable,mammals,vulnerable,/cgi-bin/sprat/public/publicspecies.pl?taxon_id=180,Hipposideros semoni,"Semon's Leaf-nosed Bat, Greater Wart-nosed Horseshoe-bat",07-Dec-2016
Mammals that are Vulnerable,mammals,vulnerable,/cgi-bin/sprat/public/publicspecies.pl?taxon_id=66665,Isoodon auratus auratus,Golden Bandicoot (mainland),16-Jul-2000
Mammals that are Vulnerable,mammals,vulnerable,/cgi-bin/sprat/public/publicspecies.pl?taxon_id=66666,Isoodon auratus barrowensis,Golden Bandicoot (Barrow Island),16-Jul-2000
Mammals that are Vulnerable,mammals,vulnerable,/cgi-bin/sprat/public/publicspecies.pl?taxon_id=66667,Isoodon obesulus nauticus,Southern Brown Bandicoot (Nuyts Archipelago),16-Jul-2000
Mammals that are Vulnerable,mammals,vulnerable,/cgi-bin/sprat/public/publicspecies.pl?taxon_id=66661,Lagorchestes conspicillatus conspicillatus,Spectacled Hare-wallaby (Barrow Island),16-Jul-2000
Mammals that are Vulnerable,mammals,vulnerable,/cgi-bin/sprat/public/publicspecies.pl?taxon_id=66662,Lagorchestes hirsutus bernieri,Rufous Hare-wallaby (Bernier Island),16-Jul-2000
Mammals that are Vulnerable,mammals,vulnerable,/cgi-bin/sprat/public/publicspecies.pl?taxon_id=66663,Lagorchestes hirsutus dorreae,Rufous Hare-wallaby (Dorre Island),16-Jul-2000
Mammals that are Vulnerable,mammals,vulnerable,/cgi-bin/sprat/public/publicspecies.pl?taxon_id=66664,Lagostrophus fasciatus fasciatus,"Banded Hare-wallaby, Merrnine, Marnine, Munning ",16-Jul-2000
Mammals that are Vulnerable,mammals,vulnerable,/cgi-bin/sprat/public/publicspecies.pl?taxon_id=137,Leporillus conditor,"Wopilkara, Greater Stick-nest Rat",16-Jul-2000
Mammals that are Vulnerable,mammals,vulnerable,/cgi-bin/sprat/public/publicspecies.pl?taxon_id=174,Macroderma gigas,Ghost Bat,05-May-2016
Mammals that are Vulnerable,mammals,vulnerable,/cgi-bin/sprat/public/publicspecies.pl?taxon_id=282,Macrotis lagotis,Greater Bilby,16-Jul-2000
Mammals that are Vulnerable,mammals,vulnerable,/cgi-bin/sprat/public/publicspecies.pl?taxon_id=87617,Mastacomys fuscus mordicus,"Broad-toothed Rat (mainland), Tooarrana",05-May-2016
Mammals that are Vulnerable,mammals,vulnerable,/cgi-bin/sprat/public/publicspecies.pl?taxon_id=38,Megaptera novaeangliae,Humpback Whale,16-Jul-2000
Mammals that are Vulnerable,mammals,vulnerable,/cgi-bin/sprat/public/publicspecies.pl?taxon_id=87619,Mesembriomys gouldii melvillensis,Black-footed Tree-rat (Melville Island),26-Jun-2015
Mammals that are Vulnerable,mammals,vulnerable,/cgi-bin/sprat/public/publicspecies.pl?taxon_id=87620,Mesembriomys gouldii rattoides,"Black-footed Tree-rat (north Queensland), Shaggy Rabbit-rat",26-Jun-2015
Mammals that are Vulnerable,mammals,vulnerable,/cgi-bin/sprat/public/publicspecies.pl?taxon_id=26,Mirounga leonina,Southern Elephant Seal,04-Apr-2001
Mammals that are Vulnerable,mammals,vulnerable,/cgi-bin/sprat/public/publicspecies.pl?taxon_id=22,Neophoca cinerea,"Australian Sea-lion, Australian Sea Lion",14-Feb-2005
Mammals that are Vulnerable,mammals,vulnerable,/cgi-bin/sprat/public/publicspecies.pl?taxon_id=123,Notomys aquilo,"Northern Hopping-mouse, Woorrentinta",16-Jul-2000
Mammals that are Vulnerable,mammals,vulnerable,/cgi-bin/sprat/public/publicspecies.pl?taxon_id=125,Notomys fuscus,"Dusky Hopping-mouse, Wilkiniti",16-Jul-2000
Mammals that are Vulnerable,mammals,vulnerable,/cgi-bin/sprat/public/publicspecies.pl?taxon_id=83395,Nyctophilus corbeni,"Corben's Long-eared Bat, South-eastern Long-eared Bat",04-Apr-2001
Mammals that are Vulnerable,mammals,vulnerable,/cgi-bin/sprat/public/publicspecies.pl?taxon_id=89262,Osphranter robustus isabellinus,"Barrow Island Wallaroo, Barrow Island Euro",16-Jul-2000
Mammals that are Vulnerable,mammals,vulnerable,/cgi-bin/sprat/public/publicspecies.pl?taxon_id=66651,Perameles gunnii gunnii,Eastern Barred Bandicoot (Tasmania),16-Jul-2000
Mammals that are Vulnerable,mammals,vulnerable,/cgi-bin/sprat/public/publicspecies.pl?taxon_id=254,Petauroides volans,Greater Glider,05-May-2016
Mammals that are Vulnerable,mammals,vulnerable,/cgi-bin/sprat/public/publicspecies.pl?taxon_id=66649,Petrogale lateralis MacDonnell Ranges race,"Warru, Black-footed Rock-wallaby (MacDonnell Ranges race)",16-Jul-2000
Mammals that are Vulnerable,mammals,vulnerable,/cgi-bin/sprat/public/publicspecies.pl?taxon_id=66650,Petrogale lateralis West Kimberley race,Black-footed Rock-wallaby (West Kimberley race),16-Jul-2000
Mammals that are Vulnerable,mammals,vulnerable,/cgi-bin/sprat/public/publicspecies.pl?taxon_id=66849,Petrogale lateralis hacketti,Recherche Rock-wallaby,16-Jul-2000
Mammals that are Vulnerable,mammals,vulnerable,/cgi-bin/sprat/public/publicspecies.pl?taxon_id=225,Petrogale penicillata,Brush-tailed Rock-wallaby,16-Jul-2000
Mammals that are Vulnerable,mammals,vulnerable,/cgi-bin/sprat/public/publicspecies.pl?taxon_id=59281,Petrogale sharmani,"Mount Claro Rock Wallaby, Sharman's Rock Wallaby",05-May-2016
Mammals that are Vulnerable,mammals,vulnerable,/cgi-bin/sprat/public/publicspecies.pl?taxon_id=87608,Petrogale xanthopus celeris,Yellow-footed Rock-wallaby (central-western Queensland),05-May-2016
Mammals that are Vulnerable,mammals,vulnerable,/cgi-bin/sprat/public/publicspecies.pl?taxon_id=66646,Petrogale xanthopus xanthopus,Yellow-footed Rock-wallaby (SA and NSW),16-Jul-2000
Mammals that are Vulnerable,mammals,vulnerable,/cgi-bin/sprat/public/publicspecies.pl?taxon_id=316,Phascogale calura,"Red-tailed Phascogale, Red-tailed Wambenger, Kenngoor",07-Dec-2016
Mammals that are Vulnerable,mammals,vulnerable,/cgi-bin/sprat/public/publicspecies.pl?taxon_id=82954,Phascogale pirata,Northern Brush-tailed Phascogale,19-Aug-2010
Mammals that are Vulnerable,mammals,vulnerable,/cgi-bin/sprat/public/publicspecies.pl?taxon_id=88453,Phascogale tapoatafa kimberleyensis,"Kimberley brush-tailed phascogale, Brush-tailed Phascogale (Kimberley)",15-Aug-2017
Mammals that are Vulnerable,mammals,vulnerable,/cgi-bin/sprat/public/publicspecies.pl?taxon_id=85104,"Phascolarctos cinereus (combined populations of Qld, NSW and the ACT)","Koala (combined populations of Queensland, New South Wales and the Australian Capital Territory)",02-May-2012
Mammals that are Vulnerable,mammals,vulnerable,/cgi-bin/sprat/public/publicspecies.pl?taxon_id=66645,Potorous tridactylus tridactylus,Long-nosed Potoroo (SE Mainland),16-Jul-2000
Mammals that are Vulnerable,mammals,vulnerable,/cgi-bin/sprat/public/publicspecies.pl?taxon_id=108,Pseudomys australis,"Plains Rat, Palyoora, Plains Mouse",16-Jul-2000
Mammals that are Vulnerable,mammals,vulnerable,/cgi-bin/sprat/public/publicspecies.pl?taxon_id=113,Pseudomys fieldi,"Shark Bay Mouse, Djoongari, Alice Springs Mouse",16-Jul-2000
Mammals that are Vulnerable,mammals,vulnerable,/cgi-bin/sprat/public/publicspecies.pl?taxon_id=96,Pseudomys novaehollandiae,"New Holland Mouse, Pookila",11-Aug-2010
Mammals that are Vulnerable,mammals,vulnerable,/cgi-bin/sprat/public/publicspecies.pl?taxon_id=99,Pseudomys pilligaensis,"Pilliga Mouse, Poolkoo",16-Jul-2000
Mammals that are Vulnerable,mammals,vulnerable,/cgi-bin/sprat/public/publicspecies.pl?taxon_id=186,Pteropus poliocephalus,Grey-headed Flying-fox,06-Dec-2001
Mammals that are Vulnerable,mammals,vulnerable,/cgi-bin/sprat/public/publicspecies.pl?taxon_id=87639,Rhinolophus robertsi,"Large-eared Horseshoe Bat, Greater Large-eared Horseshoe Bat",07-Dec-2016
Mammals that are Vulnerable,mammals,vulnerable,/cgi-bin/sprat/public/publicspecies.pl?taxon_id=82790,Rhinonicteris aurantia (Pilbara form),Pilbara Leaf-nosed Bat,04-Apr-2001
Mammals that are Vulnerable,mammals,vulnerable,/cgi-bin/sprat/public/publicspecies.pl?taxon_id=66889,Saccolaimus saccolaimus nudicluniatus,"Bare-rumped Sheath-tailed Bat, Bare-rumped Sheathtail Bat",07-Dec-2016
Mammals that are Vulnerable,mammals,vulnerable,/cgi-bin/sprat/public/publicspecies.pl?taxon_id=229,Setonix brachyurus,Quokka,16-Jul-2000
Mammals that are Vulnerable,mammals,vulnerable,/cgi-bin/sprat/public/publicspecies.pl?taxon_id=302,Sminthopsis butleri,Butler's Dunnart,16-Jul-2000
Mammals that are Vulnerable,mammals,vulnerable,/cgi-bin/sprat/public/publicspecies.pl?taxon_id=305,Sminthopsis douglasi,Julia Creek Dunnart,07-Dec-2016
Mammals that are Vulnerable,mammals,vulnerable,/cgi-bin/sprat/public/publicspecies.pl?taxon_id=66,Xeromys myoides,"Water Mouse, False Water Rat, Yirrkoo",16-Jul-2000
Mammals that are Vulnerable,mammals,vulnerable,/cgi-bin/sprat/public/publicspecies.pl?taxon_id=25906,Zyzomys maini,"Arnhem Rock-rat, Arnhem Land Rock-rat, Kodjperr",18-Aug-2006
Other Animals that are Vulnerable,other,animals_vulnerable,/cgi-bin/sprat/public/publicspecies.pl?taxon_id=64415,Astacopsis gouldi,"Giant Freshwater Crayfish, Tasmanian Giant Freshwater Lobster",16-Jul-2000
Other Animals that are Vulnerable,other,animals_vulnerable,/cgi-bin/sprat/public/publicspecies.pl?taxon_id=89125,Bertmainius colonus,Eastern Stirling Range Pygmy Trapdoor Spider,11-May-2018
Other Animals that are Vulnerable,other,animals_vulnerable,/cgi-bin/sprat/public/publicspecies.pl?taxon_id=66778,Engaeus orramakunna,Mount Arthur Burrowing Crayfish,06-Aug-2001
Other Animals that are Vulnerable,other,animals_vulnerable,/cgi-bin/sprat/public/publicspecies.pl?taxon_id=66781,Engaeus yabbimunna,Burnie Burrowing Crayfish,06-Aug-2001
Other Animals that are Vulnerable,other,animals_vulnerable,/cgi-bin/sprat/public/publicspecies.pl?taxon_id=66796,Hoplogonus simsoni,Simson's Stag Beetle,04-Mar-2011
Other Animals that are Vulnerable,other,animals_vulnerable,/cgi-bin/sprat/public/publicspecies.pl?taxon_id=66797,Hoplogonus vanderschoori,Vanderschoor's Stag Beetle,04-Mar-2011
Other Animals that are Vulnerable,other,animals_vulnerable,/cgi-bin/sprat/public/publicspecies.pl?taxon_id=66798,Idiosoma nigrum,"Shield-backed Trapdoor Spider, Black Rugose Trapdoor Spider",14-May-2013
Other Animals that are Vulnerable,other,animals_vulnerable,/cgi-bin/sprat/public/publicspecies.pl?taxon_id=86875,Kumonga exleyi,Cape Range Remipede,16-Jul-2000
Other Animals that are Vulnerable,other,animals_vulnerable,/cgi-bin/sprat/public/publicspecies.pl?taxon_id=64420,Megascolides australis,Giant Gippsland Earthworm,16-Jul-2000
Other Animals that are Vulnerable,other,animals_vulnerable,/cgi-bin/sprat/public/publicspecies.pl?taxon_id=77747,Oreisplanus munionga larana,"Marrawah Skipper, Alpine Sedge Skipper, Alpine Skipper",04-Mar-2011
Other Animals that are Vulnerable,other,animals_vulnerable,/cgi-bin/sprat/public/publicspecies.pl?taxon_id=26335,Paralucia spinifera,"Bathurst Copper Butterfly, Purple Copper Butterfly, Bathurst Copper, Bathurst Copper Wing, Bathurst-Lithgow Copper, Purple Copper",16-Jul-2000
Other Animals that are Vulnerable,other,animals_vulnerable,/cgi-bin/sprat/public/publicspecies.pl?taxon_id=85451,Parvulastra vivipara,Tasmanian Live-bearing Seastar,30-Jun-2009
Other Animals that are Vulnerable,other,animals_vulnerable,/cgi-bin/sprat/public/publicspecies.pl?taxon_id=86266,Westralunio carteri,"Carter's Freshwater Mussel, Freshwater Mussel",15-Feb-2018
Fishes that are Conservation dependent,fishes,conservation_dependent,/cgi-bin/sprat/public/publicspecies.pl?taxon_id=68444,Centrophorus harrissoni,"Harrisson's Dogfish, Endeavour Dogfish, Dumb Gulper Shark, Harrison's Deepsea Dogfish",14-Jun-2013
Fishes that are Conservation dependent,fishes,conservation_dependent,/cgi-bin/sprat/public/publicspecies.pl?taxon_id=82679,Centrophorus zeehaani,"Southern Dogfish, Endeavour Dogfish, Little Gulper Shark",14-Jun-2013
Fishes that are Conservation dependent,fishes,conservation_dependent,/cgi-bin/sprat/public/publicspecies.pl?taxon_id=68453,Galeorhinus galeus,"School Shark, Eastern School Shark, Snapper Shark, Tope, Soupfin Shark",22-Jan-2009
Fishes that are Conservation dependent,fishes,conservation_dependent,/cgi-bin/sprat/public/publicspecies.pl?taxon_id=68455,Hoplostethus atlanticus,"Orange Roughy, Deep-sea Perch, Red Roughy",05-Dec-2006
Fishes that are Conservation dependent,fishes,conservation_dependent,/cgi-bin/sprat/public/publicspecies.pl?taxon_id=76339,Rexea solandri (eastern Australian population),Eastern Gemfish,22-Jan-2009
Fishes that are Conservation dependent,fishes,conservation_dependent,/cgi-bin/sprat/public/publicspecies.pl?taxon_id=69374,Seriolella brama,Blue Warehou,14-Feb-2015
Fishes that are Conservation dependent,fishes,conservation_dependent,/cgi-bin/sprat/public/publicspecies.pl?taxon_id=85267,Sphyrna lewini,Scalloped Hammerhead,15-Mar-2018
Fishes that are Conservation dependent,fishes,conservation_dependent,/cgi-bin/sprat/public/publicspecies.pl?taxon_id=69402,Thunnus maccoyii,Southern Bluefin Tuna,15-Dec-2010
